pep,hla,hlaseq,tgt
LYAAFLWLF,HLA-A*24:02,YSAMYEEKVAHTDENIAYLMFHYYTWAVQAYTGY,0
AFFFPPMLG,HLA-A*02:01,YFAMYGEKVAHTHVDTLYVRYHYYTWAVLAYTWY,0
IVIDEILFK,HLA-A*68:01,YYAMYRNNVAQTDVDTLYIMYRDYTWAVWAYTWY,0
GPGGAGTAPL,HLA-B*07:02,YYSEYRNIYAQTDESNLYLSYDYYTWAERAYEWY,0
MRRASSYSPL,HLA-C*07:01,YDSGYRENYRQADVSNLYLRYDSYTLAALAYTWY,0
FLMRVMDISY,HLA-A*02:01,YFAMYGEKVAHTHVDTLYVRYHYYTWAVLAYTWY,0
RLDSTLLLYHA,HLA-A*02:01,YFAMYGEKVAHTHVDTLYVRYHYYTWAVLAYTWY,0
IALYLQQNW,HLA-B*57:01,YYAMYGENMASTYENIAYIVYDSYTWAVLAYLWY,1
KSTQSVLCVK,HLA-A*03:01,YFAMYQENVAQTDVDTLYIIYRDYTWAELAYTWY,0
MYGPIKSMI,HLA-A*24:07,YSAMYEEKVAQTDENIAYLMFHYYTWAVQAYTGY,0
KTGPGAGPLK,HLA-A*11:01,YYAMYQENVAQTDVDTLYIIYRDYTWAAQAYRWY,0
DSSEAKQELK,HLA-A*24:02,YSAMYEEKVAHTDENIAYLMFHYYTWAVQAYTGY,0
RMFPNAPYL,HLA-A*24:02,YSAMYEEKVAHTDENIAYLMFHYYTWAVQAYTGY,0
VENRRAFLK,HLA-A*02:11,YFAMYGEKVAHIDVDTLYVRYHYYTWAVLAYTWY,0
PSCEDGRLR,HLA-A*33:03,YTAMYRNNVAHIDVDTLYIMYQDYTWAVLAYTWY,0
TPRLAALAGHL,HLA-B*07:02,YYSEYRNIYAQTDESNLYLSYDYYTWAERAYEWY,0
VARLLSSGT,HLA-A*02:01,YFAMYGEKVAHTHVDTLYVRYHYYTWAVLAYTWY,0
LMSILGVID,HLA-A*02:01,YFAMYGEKVAHTHVDTLYVRYHYYTWAVLAYTWY,0
ITSLGAIVSC,HLA-A*02:02,YFAMYGEKVAHTHVDTLYLRYHYYTWAVWAYTWY,0
IPKDGLRGAF,HLA-B*51:01,YYATYRNIFTNTYENIAYWTYNYYTWAELAYLWH,0
FWQILSAVE,HLA-A*02:01,YFAMYGEKVAHTHVDTLYVRYHYYTWAVLAYTWY,0
ITYLMNRFK,HLA-A*33:03,YTAMYRNNVAHIDVDTLYIMYQDYTWAVLAYTWY,0
YQILQNLFDK,HLA-A*68:01,YYAMYRNNVAQTDVDTLYIMYRDYTWAVWAYTWY,0
DSSGTCINP,HLA-A*02:01,YFAMYGEKVAHTHVDTLYVRYHYYTWAVLAYTWY,0
GQILLSEEV,HLA-A*02:01,YFAMYGEKVAHTHVDTLYVRYHYYTWAVLAYTWY,0
GAFQGLRQL,HLA-B*38:01,YYSEYRNICTNTYENIAYLRYNFYTWAVLTYTWY,0
EELPLSALKF,HLA-B*40:01,YHTKYREISTNTYESNLYLRYNYYSLAVLAYEWY,0
PYTFKIYSI,HLA-A*24:02,YSAMYEEKVAHTDENIAYLMFHYYTWAVQAYTGY,0
SQLGDTTTG,HLA-C*07:02,YDSGYREKYRQADVSNLYLRSDSYTLAALAYTWY,0
SVPHSPYQLS,HLA-B*40:02,YHTKYREISTNTYESNLYLSYNYYTWAVLAYEWY,0
MKLLEVRSAC,HLA-A*02:01,YFAMYGEKVAHTHVDTLYVRYHYYTWAVLAYTWY,0
RVGSVKVSS,HLA-A*02:01,YFAMYGEKVAHTHVDTLYVRYHYYTWAVLAYTWY,0
LPIHSTLVM,HLA-B*07:02,YYSEYRNIYAQTDESNLYLSYDYYTWAERAYEWY,0
EEGWDAVMDW,HLA-B*44:02,YYTKYREISTNTYENTAYIRYDDYTWAVDAYLSY,0
GAVDRGEGG,HLA-B*15:01,YYAMYREISTNTYESNLYLRYDSYTWAEWAYLWY,0
KTKTLSGGI,HLA-A*11:01,YYAMYQENVAQTDVDTLYIIYRDYTWAAQAYRWY,0
FEKEFTSDY,HLA-B*44:02,YYTKYREISTNTYENTAYIRYDDYTWAVDAYLSY,0
IMNTWYPKVI,HLA-A*01:01,YFAMYQENMAHTDANTLYIIYRDYTWVARVYRGY,0
VTAEGTEGE,HLA-B*07:02,YYSEYRNIYAQTDESNLYLSYDYYTWAERAYEWY,0
SPQTQTHTL,HLA-B*07:02,YYSEYRNIYAQTDESNLYLSYDYYTWAERAYEWY,0
NMESASTEY,HLA-A*01:01,YFAMYQENMAHTDANTLYIIYRDYTWVARVYRGY,0
KSLYNTVATLY,HLA-A*02:01,YFAMYGEKVAHTHVDTLYVRYHYYTWAVLAYTWY,1
SYAPRAEAEK,HLA-A*02:01,YFAMYGEKVAHTHVDTLYVRYHYYTWAVLAYTWY,0
NKSCSMPPI,HLA-B*57:01,YYAMYGENMASTYENIAYIVYDSYTWAVLAYLWY,0
ALPDIIVFSK,HLA-A*33:01,YTAMYRNNVAHIDVDTLYIMYQDYTWAVLAYTWH,0
FGNKLYTEA,HLA-B*40:01,YHTKYREISTNTYESNLYLRYNYYSLAVLAYEWY,0
YERDFSYNYF,HLA-B*40:01,YHTKYREISTNTYESNLYLRYNYYSLAVLAYEWY,0
LYSAYKTKL,HLA-A*24:02,YSAMYEEKVAHTDENIAYLMFHYYTWAVQAYTGY,0
GTERRPNGLG,HLA-A*02:01,YFAMYGEKVAHTHVDTLYVRYHYYTWAVLAYTWY,0
DDYIFTYIG,HLA-A*23:01,YSAMYEEKVAHTDENIAYLMFHYYTWAVLAYTGY,0
GGTGGFGTT,HLA-B*40:01,YHTKYREISTNTYESNLYLRYNYYSLAVLAYEWY,0
DIINFRRTL,HLA-A*24:02,YSAMYEEKVAHTDENIAYLMFHYYTWAVQAYTGY,0
SMVPREAAFIL,HLA-A*02:01,YFAMYGEKVAHTHVDTLYVRYHYYTWAVLAYTWY,0
QKVATMLSLE,HLA-B*07:02,YYSEYRNIYAQTDESNLYLSYDYYTWAERAYEWY,0
SSTVANDVRK,HLA-A*68:01,YYAMYRNNVAQTDVDTLYIMYRDYTWAVWAYTWY,0
DAESDSRAS,HLA-B*35:01,YYATYRNIFTNTYESNLYIRYDSYTWAVLAYLWY,0
LQGHSASIT,HLA-A*02:01,YFAMYGEKVAHTHVDTLYVRYHYYTWAVLAYTWY,0
KPIMSMGDI,HLA-B*53:01,YYATYRNIFTNTYENIAYIRYDSYTWAVLAYLWY,0
GVPDHAKL,HLA-B*07:02,YYSEYRNIYAQTDESNLYLSYDYYTWAERAYEWY,0
NELKKTSSF,HLA-B*40:02,YHTKYREISTNTYESNLYLSYNYYTWAVLAYEWY,0
IPVRPDSQFLFA,HLA-B*07:02,YYSEYRNIYAQTDESNLYLSYDYYTWAERAYEWY,0
KQLHVVPL,HLA-A*02:01,YFAMYGEKVAHTHVDTLYVRYHYYTWAVLAYTWY,0
EELGSRVE,HLA-A*02:01,YFAMYGEKVAHTHVDTLYVRYHYYTWAVLAYTWY,0
EDMKKIVAVP,HLA-A*68:02,YYAMYRNNVAQTDVDTLYIRYHYYTWAVWAYTWY,0
YGATECNCSI,HLA-B*44:03,YYTKYREISTNTYENTAYIRYDDYTWAVLAYLSY,0
SESPICMIDL,HLA-B*49:01,YHTKYREISTNTYENIAYWRYNLYTWAELAYLWY,0
KYKDALEET,HLA-B*08:01,YDSEYRNIFTNTDESNLYLSYNYYTWAVDAYTWY,0
KAEVASDTL,HLA-A*02:01,YFAMYGEKVAHTHVDTLYVRYHYYTWAVLAYTWY,0
GVADGPAAT,HLA-C*06:02,YDSGYREKYRQADVNKLYLWYDSYTWAEWAYTWY,0
KLVALGNNAV,HLA-A*02:01,YFAMYGEKVAHTHVDTLYVRYHYYTWAVLAYTWY,1
SKGGWEDCK,HLA-A*26:01,YYAMYRNNVAHTDANTLYIRYQDYTWAEWAYRWY,0
HLYHQMGLLL,HLA-A*02:01,YFAMYGEKVAHTHVDTLYVRYHYYTWAVLAYTWY,0
TAGDTHLGG,HLA-A*02:01,YFAMYGEKVAHTHVDTLYVRYHYYTWAVLAYTWY,0
DCRVEECAL,HLA-A*02:01,YFAMYGEKVAHTHVDTLYVRYHYYTWAVLAYTWY,0
VAKSEPARPS,HLA-A*01:01,YFAMYQENMAHTDANTLYIIYRDYTWVARVYRGY,0
SVPHSPYQL,HLA-B*51:01,YYATYRNIFTNTYENIAYWTYNYYTWAELAYLWH,0
QQVQKLFRS,HLA-B*35:01,YYATYRNIFTNTYESNLYIRYDSYTWAVLAYLWY,0
PPNSMPPYL,HLA-A*02:01,YFAMYGEKVAHTHVDTLYVRYHYYTWAVLAYTWY,0
TTDDLVKSY,HLA-A*01:01,YFAMYQENMAHTDANTLYIIYRDYTWVARVYRGY,0
STPMTEYIIK,HLA-A*33:01,YTAMYRNNVAHIDVDTLYIMYQDYTWAVLAYTWH,0
TCLPRWKFCV,HLA-B*08:01,YDSEYRNIFTNTDESNLYLSYNYYTWAVDAYTWY,0
YVNVHFIMAR,HLA-A*03:01,YFAMYQENVAQTDVDTLYIIYRDYTWAELAYTWY,0
LLPAARFDA,HLA-A*02:06,YYAMYGEKVAHTHVDTLYVRYHYYTWAVLAYTWY,0
LSALLRQSY,HLA-A*01:01,YFAMYQENMAHTDANTLYIIYRDYTWVARVYRGY,0
KQRLTNLEK,HLA-A*68:01,YYAMYRNNVAQTDVDTLYIMYRDYTWAVWAYTWY,0
KQIEHTLNEKI,HLA-A*02:01,YFAMYGEKVAHTHVDTLYVRYHYYTWAVLAYTWY,0
PTHPGAEDG,HLA-B*38:01,YYSEYRNICTNTYENIAYLRYNFYTWAVLTYTWY,0
KALEEANSKLAA,HLA-C*06:02,YDSGYREKYRQADVNKLYLWYDSYTWAEWAYTWY,1
GTITYQRGILLPQK,HLA-A*11:01,YYAMYQENVAQTDVDTLYIIYRDYTWAAQAYRWY,0
TEECIVDIYL,HLA-B*44:02,YYTKYREISTNTYENTAYIRYDDYTWAVDAYLSY,0
VEATLDEPL,HLA-B*40:01,YHTKYREISTNTYESNLYLRYNYYSLAVLAYEWY,0
EETWGLKIGL,HLA-B*44:02,YYTKYREISTNTYENTAYIRYDDYTWAVDAYLSY,0
YLGLLSQRTR,HLA-A*74:01,YFAMYQENVAHTDVDTLYIMYQDYTWAVLAYTWY,0
QSSGGPLQI,HLA-A*02:01,YFAMYGEKVAHTHVDTLYVRYHYYTWAVLAYTWY,0
LLMHLVSLY,HLA-A*33:03,YTAMYRNNVAHIDVDTLYIMYQDYTWAVLAYTWY,0
NSGYFRALL,HLA-A*33:03,YTAMYRNNVAHIDVDTLYIMYQDYTWAVLAYTWY,0
FLNQFVVHT,HLA-A*02:01,YFAMYGEKVAHTHVDTLYVRYHYYTWAVLAYTWY,0
GEPIIVAGF,HLA-B*37:01,YHSTYREISTNTYEDTLYIRSNFYTWAVDAYTWY,0
QAKLDIAFG,HLA-A*02:01,YFAMYGEKVAHTHVDTLYVRYHYYTWAVLAYTWY,0
EHYRVQTQQT,HLA-B*35:01,YYATYRNIFTNTYESNLYIRYDSYTWAVLAYLWY,0
FSISYCPV,HLA-A*02:01,YFAMYGEKVAHTHVDTLYVRYHYYTWAVLAYTWY,0
KANPSERRFG,HLA-A*24:02,YSAMYEEKVAHTDENIAYLMFHYYTWAVQAYTGY,0
AIRETVELR,HLA-A*02:01,YFAMYGEKVAHTHVDTLYVRYHYYTWAVLAYTWY,1
YEPFVWGVNF,HLA-B*44:02,YYTKYREISTNTYENTAYIRYDDYTWAVDAYLSY,0
IVYAEKIPR,HLA-A*33:03,YTAMYRNNVAHIDVDTLYIMYQDYTWAVLAYTWY,0
PWPSSYLTK,HLA-A*24:02,YSAMYEEKVAHTDENIAYLMFHYYTWAVQAYTGY,0
KEENPTAFLDRL,HLA-B*07:02,YYSEYRNIYAQTDESNLYLSYDYYTWAERAYEWY,0
VLHKRTLGL,HLA-B*08:01,YDSEYRNIFTNTDESNLYLSYNYYTWAVDAYTWY,0
YCGERSQFV,HLA-B*35:01,YYATYRNIFTNTYESNLYIRYDSYTWAVLAYLWY,0
AALPILFQV,HLA-A*02:01,YFAMYGEKVAHTHVDTLYVRYHYYTWAVLAYTWY,1
MPRHHSIVYA,HLA-B*55:01,YYAEYRNIYAQTDESNLYWTYNLYTWAELAYTWY,0
LYKSINVEY,HLA-A*23:01,YSAMYEEKVAHTDENIAYLMFHYYTWAVLAYTGY,0
FYFYSFSDGF,HLA-A*24:02,YSAMYEEKVAHTDENIAYLMFHYYTWAVQAYTGY,0
FGAQDILTL,HLA-A*02:01,YFAMYGEKVAHTHVDTLYVRYHYYTWAVLAYTWY,0
FDIVRDHLGD,HLA-A*11:01,YYAMYQENVAQTDVDTLYIIYRDYTWAAQAYRWY,0
GILMTIGFIL,HLA-B*35:01,YYATYRNIFTNTYESNLYIRYDSYTWAVLAYLWY,0
QDTKSSGQS,HLA-A*02:01,YFAMYGEKVAHTHVDTLYVRYHYYTWAVLAYTWY,0
SFWIDSIPK,HLA-A*68:01,YYAMYRNNVAQTDVDTLYIMYRDYTWAVWAYTWY,0
VVIPAQFLE,HLA-A*02:01,YFAMYGEKVAHTHVDTLYVRYHYYTWAVLAYTWY,0
DMCDIYLLY,HLA-A*29:02,YTAMYLQNVAQTDANTLYIMYRDYTWAVLAYTWY,1
ELEKVRMEF,HLA-A*11:01,YYAMYQENVAQTDVDTLYIIYRDYTWAAQAYRWY,0
SESNIDLISY,HLA-B*49:01,YHTKYREISTNTYENIAYWRYNLYTWAELAYLWY,0
PEHLVLQQK,HLA-A*02:01,YFAMYGEKVAHTHVDTLYVRYHYYTWAVLAYTWY,0
IKQTCCSSRQ,HLA-A*02:01,YFAMYGEKVAHTHVDTLYVRYHYYTWAVLAYTWY,0
LETPKNPIAF,HLA-A*11:01,YYAMYQENVAQTDVDTLYIIYRDYTWAAQAYRWY,0
KSGTEPKENV,HLA-A*02:11,YFAMYGEKVAHIDVDTLYVRYHYYTWAVLAYTWY,0
YFLKGLSHLY,HLA-A*23:01,YSAMYEEKVAHTDENIAYLMFHYYTWAVLAYTGY,0
KTGWKTSFY,HLA-A*01:01,YFAMYQENMAHTDANTLYIIYRDYTWVARVYRGY,0
FDDLMIDLY,HLA-A*30:02,YSAMYQENVAHTDENTLYIIYEHYTWARLAYTWY,0
VDVFMEYNL,HLA-A*24:02,YSAMYEEKVAHTDENIAYLMFHYYTWAVQAYTGY,0
LLVCQKEPGK,HLA-A*02:01,YFAMYGEKVAHTHVDTLYVRYHYYTWAVLAYTWY,0
DTSQPWKEL,HLA-A*02:01,YFAMYGEKVAHTHVDTLYVRYHYYTWAVLAYTWY,0
RIYFKPKHVK,HLA-A*03:01,YFAMYQENVAQTDVDTLYIIYRDYTWAELAYTWY,1
KRWIIMGLNK,HLA-B*27:05,YHTEYREICAKTDEDTLYLNYHDYTWAVLAYEWY,1
HSNGIFGIF,HLA-A*11:01,YYAMYQENVAQTDVDTLYIIYRDYTWAAQAYRWY,0
ASFLGFSKQS,HLA-B*07:02,YYSEYRNIYAQTDESNLYLSYDYYTWAERAYEWY,0
GNLQRNKLPET,HLA-B*53:01,YYATYRNIFTNTYENIAYIRYDSYTWAVLAYLWY,0
EYHDVRVVL,HLA-A*24:02,YSAMYEEKVAHTDENIAYLMFHYYTWAVQAYTGY,1
KLMDGTSQV,HLA-A*02:01,YFAMYGEKVAHTHVDTLYVRYHYYTWAVLAYTWY,0
NKCNTGQRQ,HLA-A*24:02,YSAMYEEKVAHTDENIAYLMFHYYTWAVQAYTGY,0
WMDSTKATRY,HLA-B*39:01,YYSEYRNICTNTDESNLYLRYNFYTWAVLTYTWY,1
AKNKAFSKFG,HLA-A*24:02,YSAMYEEKVAHTDENIAYLMFHYYTWAVQAYTGY,0
LVPNINILK,HLA-A*11:01,YYAMYQENVAQTDVDTLYIIYRDYTWAAQAYRWY,0
EVKIKVFGLF,HLA-A*26:01,YYAMYRNNVAHTDANTLYIRYQDYTWAEWAYRWY,0
GDEVILIVP,HLA-A*02:01,YFAMYGEKVAHTHVDTLYVRYHYYTWAVLAYTWY,0
RETVNKAVA,HLA-A*03:01,YFAMYQENVAQTDVDTLYIIYRDYTWAELAYTWY,0
KYIGLFIYI,HLA-A*23:01,YSAMYEEKVAHTDENIAYLMFHYYTWAVLAYTGY,0
IVRALFEIA,HLA-A*11:01,YYAMYQENVAQTDVDTLYIIYRDYTWAAQAYRWY,0
GMTVTDQAFV,HLA-A*02:01,YFAMYGEKVAHTHVDTLYVRYHYYTWAVLAYTWY,0
ASMTGIVYSLF,HLA-B*15:01,YYAMYREISTNTYESNLYLRYDSYTWAEWAYLWY,0
VQYVQQHNK,HLA-A*11:01,YYAMYQENVAQTDVDTLYIIYRDYTWAAQAYRWY,0
IPGTAFPCS,HLA-A*02:01,YFAMYGEKVAHTHVDTLYVRYHYYTWAVLAYTWY,0
LPELGVRFED,HLA-A*24:02,YSAMYEEKVAHTDENIAYLMFHYYTWAVQAYTGY,0
RSKCLTETPI,HLA-A*11:01,YYAMYQENVAQTDVDTLYIIYRDYTWAAQAYRWY,0
TENGPWMYDL,HLA-B*44:02,YYTKYREISTNTYENTAYIRYDDYTWAVDAYLSY,0
RKADPDAAH,HLA-B*27:02,YHTEYREICAKTDENIAYLNYHDYTWAVLAYEWY,0
TTSTLSIHK,HLA-A*33:03,YTAMYRNNVAHIDVDTLYIMYQDYTWAVLAYTWY,0
VMVKINPTL,HLA-A*23:01,YSAMYEEKVAHTDENIAYLMFHYYTWAVLAYTGY,0
YLYIEYNAI,HLA-A*69:01,YYAMYRNNVAQTDVDTLYVRYHYYTWAVLAYTWY,0
VAFGAPIGGV,HLA-B*08:01,YDSEYRNIFTNTDESNLYLSYNYYTWAVDAYTWY,0
EDMKKIVAVPL,HLA-B*58:01,YYATYGENMASTYENIAYIRYDSYTWAVLAYLWY,0
TVPSDFHQI,HLA-B*44:03,YYTKYREISTNTYENTAYIRYDDYTWAVLAYLSY,0
SDVFFAAGS,HLA-B*07:02,YYSEYRNIYAQTDESNLYLSYDYYTWAERAYEWY,0
VTAFLDHNIV,HLA-A*24:02,YSAMYEEKVAHTDENIAYLMFHYYTWAVQAYTGY,0
GTLALAAVGL,HLA-A*02:01,YFAMYGEKVAHTHVDTLYVRYHYYTWAVLAYTWY,0
NIPSGELDS,HLA-A*03:01,YFAMYQENVAQTDVDTLYIIYRDYTWAELAYTWY,0
RKKSEKVLCK,HLA-A*02:01,YFAMYGEKVAHTHVDTLYVRYHYYTWAVLAYTWY,0
MIDNVILLI,HLA-B*40:01,YHTKYREISTNTYESNLYLRYNYYSLAVLAYEWY,0
YREHTTLYY,HLA-A*29:02,YTAMYLQNVAQTDANTLYIMYRDYTWAVLAYTWY,0
VQVIPWVLA,HLA-C*03:04,YYAGYREKYRQTDVSNLYIRYDYYTWAELAYLWY,0
YDMPEEIENY,HLA-A*11:01,YYAMYQENVAQTDVDTLYIIYRDYTWAAQAYRWY,0
FEILLHYYLLN,HLA-A*24:02,YSAMYEEKVAHTDENIAYLMFHYYTWAVQAYTGY,0
QYLWAASLA,HLA-A*02:06,YYAMYGEKVAHTHVDTLYVRYHYYTWAVLAYTWY,0
ILLSASDSNS,HLA-C*07:02,YDSGYREKYRQADVSNLYLRSDSYTLAALAYTWY,0
TFFKFLADK,HLA-A*11:01,YYAMYQENVAQTDVDTLYIIYRDYTWAAQAYRWY,1
ASLKKNITK,HLA-A*03:01,YFAMYQENVAQTDVDTLYIIYRDYTWAELAYTWY,0
GLFSIDKSY,HLA-B*40:01,YHTKYREISTNTYESNLYLRYNYYSLAVLAYEWY,0
RLFNGNSRGSV,HLA-A*02:01,YFAMYGEKVAHTHVDTLYVRYHYYTWAVLAYTWY,0
YRTQHTGV,HLA-A*02:01,YFAMYGEKVAHTHVDTLYVRYHYYTWAVLAYTWY,0
VDSVFMGNH,HLA-A*02:01,YFAMYGEKVAHTHVDTLYVRYHYYTWAVLAYTWY,0
TVPSDFHQI,HLA-A*01:01,YFAMYQENMAHTDANTLYIIYRDYTWVARVYRGY,0
ITNILTSEY,HLA-A*01:01,YFAMYQENMAHTDANTLYIIYRDYTWVARVYRGY,0
KLYESFYGPEK,HLA-A*03:01,YFAMYQENVAQTDVDTLYIIYRDYTWAELAYTWY,0
PAMASRQVD,HLA-A*02:01,YFAMYGEKVAHTHVDTLYVRYHYYTWAVLAYTWY,0
LLLYFKVFGI,HLA-A*02:01,YFAMYGEKVAHTHVDTLYVRYHYYTWAVLAYTWY,0
CQKDGSGFS,HLA-A*02:01,YFAMYGEKVAHTHVDTLYVRYHYYTWAVLAYTWY,0
GQRCHFIKK,HLA-A*68:01,YYAMYRNNVAQTDVDTLYIMYRDYTWAVWAYTWY,0
KPNSFTFSF,HLA-B*53:01,YYATYRNIFTNTYENIAYIRYDSYTWAVLAYLWY,0
NENCNTIVF,HLA-B*40:02,YHTKYREISTNTYESNLYLSYNYYTWAVLAYEWY,0
RVKDINSST,HLA-B*35:01,YYATYRNIFTNTYESNLYIRYDSYTWAVLAYLWY,0
LFAKLCTMV,HLA-C*01:02,YFSGYREKYRQTDVSNLYLWCDYYTWAERAYTWY,0
KEEISTSLSF,HLA-B*40:01,YHTKYREISTNTYESNLYLRYNYYSLAVLAYEWY,0
EEEDQGPPC,HLA-B*07:02,YYSEYRNIYAQTDESNLYLSYDYYTWAERAYEWY,0
SGFLFFSML,HLA-A*24:02,YSAMYEEKVAHTDENIAYLMFHYYTWAVQAYTGY,0
PSHSRPGPM,HLA-A*02:01,YFAMYGEKVAHTHVDTLYVRYHYYTWAVLAYTWY,0
VTEQYGNLEK,HLA-A*03:01,YFAMYQENVAQTDVDTLYIIYRDYTWAELAYTWY,1
SSKKVMRTK,HLA-A*30:01,YSAMYQENVAQTDVDTLYIIYEHYTWAWLAYTWY,0
LTIKIQRSNGL,HLA-A*02:05,YYAMYGEKVAHTHVDTLYLRYHYYTWAVWAYTWY,0
TKNIHFSRLR,HLA-A*03:01,YFAMYQENVAQTDVDTLYIIYRDYTWAELAYTWY,0
TVFMLPIMY,HLA-A*11:01,YYAMYQENVAQTDVDTLYIIYRDYTWAAQAYRWY,0
NTYPLIVRY,HLA-A*30:02,YSAMYQENVAHTDENTLYIIYEHYTWARLAYTWY,0
GVADGPAATA,HLA-A*26:01,YYAMYRNNVAHTDANTLYIRYQDYTWAEWAYRWY,0
NLLRRMWVT,HLA-A*02:01,YFAMYGEKVAHTHVDTLYVRYHYYTWAVLAYTWY,0
NELISRDEGL,HLA-B*44:02,YYTKYREISTNTYENTAYIRYDDYTWAVDAYLSY,0
WDILETEEHY,HLA-B*57:01,YYAMYGENMASTYENIAYIVYDSYTWAVLAYLWY,0
TTGRTSLY,HLA-A*11:01,YYAMYQENVAQTDVDTLYIIYRDYTWAAQAYRWY,0
SFINRHKKF,HLA-A*23:01,YSAMYEEKVAHTDENIAYLMFHYYTWAVLAYTGY,0
DIHKGASYVF,HLA-A*02:01,YFAMYGEKVAHTHVDTLYVRYHYYTWAVLAYTWY,0
VQNASAEY,HLA-B*08:01,YDSEYRNIFTNTDESNLYLSYNYYTWAVDAYTWY,0
DFYPAQIKVR,HLA-B*15:01,YYAMYREISTNTYESNLYLRYDSYTWAEWAYLWY,0
SVVLVSQSR,HLA-A*02:01,YFAMYGEKVAHTHVDTLYVRYHYYTWAVLAYTWY,0
WTTYMDTFFR,HLA-A*33:01,YTAMYRNNVAHIDVDTLYIMYQDYTWAVLAYTWH,0
SPAFTESPV,HLA-B*35:01,YYATYRNIFTNTYESNLYIRYDSYTWAVLAYLWY,0
RDIVPTLRA,HLA-A*02:01,YFAMYGEKVAHTHVDTLYVRYHYYTWAVLAYTWY,0
KTGETDYTY,HLA-A*01:01,YFAMYQENMAHTDANTLYIIYRDYTWVARVYRGY,0
EDMKKIVAVPL,HLA-B*38:01,YYSEYRNICTNTYENIAYLRYNFYTWAVLTYTWY,0
SSCSDSVALY,HLA-B*07:02,YYSEYRNIYAQTDESNLYLSYDYYTWAERAYEWY,0
SEKGIKIIVL,HLA-B*40:01,YHTKYREISTNTYESNLYLRYNYYSLAVLAYEWY,0
CKECGKSFR,HLA-A*03:01,YFAMYQENVAQTDVDTLYIIYRDYTWAELAYTWY,0
SVQDLENP,HLA-A*02:01,YFAMYGEKVAHTHVDTLYVRYHYYTWAVLAYTWY,0
KYTGYLCRSNT,HLA-A*02:01,YFAMYGEKVAHTHVDTLYVRYHYYTWAVLAYTWY,0
SLVDDESLIG,HLA-B*07:02,YYSEYRNIYAQTDESNLYLSYDYYTWAERAYEWY,0
TGPIFKLMNI,HLA-B*44:02,YYTKYREISTNTYENTAYIRYDDYTWAVDAYLSY,0
FEVFVVFIL,HLA-B*40:01,YHTKYREISTNTYESNLYLRYNYYSLAVLAYEWY,0
AEKIPRVSIL,HLA-B*44:02,YYTKYREISTNTYENTAYIRYDDYTWAVDAYLSY,0
FMDDVSLIQ,HLA-C*07:02,YDSGYREKYRQADVSNLYLRSDSYTLAALAYTWY,0
GDESLPYLP,HLA-A*24:02,YSAMYEEKVAHTDENIAYLMFHYYTWAVQAYTGY,0
QPSHQLRAS,HLA-A*29:02,YTAMYLQNVAQTDANTLYIMYRDYTWAVLAYTWY,0
MTLSVWKMY,HLA-A*11:01,YYAMYQENVAQTDVDTLYIIYRDYTWAAQAYRWY,0
DLVLKRCLL,HLA-A*02:01,YFAMYGEKVAHTHVDTLYVRYHYYTWAVLAYTWY,0
KLSSTLSWVK,HLA-A*02:01,YFAMYGEKVAHTHVDTLYVRYHYYTWAVLAYTWY,0
IEMLQALFKY,HLA-B*44:02,YYTKYREISTNTYENTAYIRYDDYTWAVDAYLSY,0
VKTMAVTPG,HLA-C*07:01,YDSGYRENYRQADVSNLYLRYDSYTLAALAYTWY,0
RNQVALKTL,HLA-A*24:02,YSAMYEEKVAHTDENIAYLMFHYYTWAVQAYTGY,0
LPKLPMNLL,HLA-A*02:01,YFAMYGEKVAHTHVDTLYVRYHYYTWAVLAYTWY,0
PPNQRGLCS,HLA-A*03:01,YFAMYQENVAQTDVDTLYIIYRDYTWAELAYTWY,0
LYNTMVISQ,HLA-A*02:01,YFAMYGEKVAHTHVDTLYVRYHYYTWAVLAYTWY,0
GELLSVNDF,HLA-B*40:01,YHTKYREISTNTYESNLYLRYNYYSLAVLAYEWY,0
PENELRDYF,HLA-B*44:02,YYTKYREISTNTYENTAYIRYDDYTWAVDAYLSY,0
NYLLSGSFP,HLA-A*11:01,YYAMYQENVAQTDVDTLYIIYRDYTWAAQAYRWY,0
ITCCLLSVYR,HLA-A*68:01,YYAMYRNNVAQTDVDTLYIMYRDYTWAVWAYTWY,0
QDLPRTMRK,HLA-A*02:01,YFAMYGEKVAHTHVDTLYVRYHYYTWAVLAYTWY,0
DGEEFEGPAG,HLA-A*11:01,YYAMYQENVAQTDVDTLYIIYRDYTWAAQAYRWY,0
WEESFTILF,HLA-B*37:01,YHSTYREISTNTYEDTLYIRSNFYTWAVDAYTWY,0
PIYIPSRLCK,HLA-A*03:01,YFAMYQENVAQTDVDTLYIIYRDYTWAELAYTWY,0
VYMKRKYEAM,HLA-A*24:02,YSAMYEEKVAHTDENIAYLMFHYYTWAVQAYTGY,0
SSILGRVAFF,HLA-A*02:01,YFAMYGEKVAHTHVDTLYVRYHYYTWAVLAYTWY,0
SGSQKARVG,HLA-A*03:01,YFAMYQENVAQTDVDTLYIIYRDYTWAELAYTWY,0
RGRMQTASL,HLA-B*07:02,YYSEYRNIYAQTDESNLYLSYDYYTWAERAYEWY,1
MEYCELGT,HLA-B*08:01,YDSEYRNIFTNTDESNLYLSYNYYTWAVDAYTWY,0
TLGNSSAPSG,HLA-A*02:01,YFAMYGEKVAHTHVDTLYVRYHYYTWAVLAYTWY,0
GVADGPAATA,HLA-A*02:06,YYAMYGEKVAHTHVDTLYVRYHYYTWAVLAYTWY,0
KFLENVNKK,HLA-B*35:01,YYATYRNIFTNTYESNLYIRYDSYTWAVLAYLWY,0
VTFLSCQFV,HLA-B*40:01,YHTKYREISTNTYESNLYLRYNYYSLAVLAYEWY,0
KPIDDRFAT,HLA-B*07:02,YYSEYRNIYAQTDESNLYLSYDYYTWAERAYEWY,0
QEIEEDRKK,HLA-B*35:01,YYATYRNIFTNTYESNLYIRYDSYTWAVLAYLWY,0
NYTKDKISY,HLA-A*23:01,YSAMYEEKVAHTDENIAYLMFHYYTWAVLAYTGY,0
AVHFKAMWK,HLA-A*11:01,YYAMYQENVAQTDVDTLYIIYRDYTWAAQAYRWY,0
TKSTAFSFR,HLA-A*02:01,YFAMYGEKVAHTHVDTLYVRYHYYTWAVLAYTWY,0
TLPNKTSHAK,HLA-A*03:01,YFAMYQENVAQTDVDTLYIIYRDYTWAELAYTWY,0
SEPSSKTSS,HLA-A*02:01,YFAMYGEKVAHTHVDTLYVRYHYYTWAVLAYTWY,0
FQTKIRKWMY,HLA-A*02:01,YFAMYGEKVAHTHVDTLYVRYHYYTWAVLAYTWY,0
EDMKKIVAVPL,HLA-B*44:02,YYTKYREISTNTYENTAYIRYDDYTWAVDAYLSY,0
YTVCQEVKKLV,HLA-B*07:02,YYSEYRNIYAQTDESNLYLSYDYYTWAERAYEWY,0
DESHPLREE,HLA-A*24:02,YSAMYEEKVAHTDENIAYLMFHYYTWAVQAYTGY,0
SLPRLFPLL,HLA-A*24:02,YSAMYEEKVAHTDENIAYLMFHYYTWAVQAYTGY,1
AELENLIRE,HLA-A*03:01,YFAMYQENVAQTDVDTLYIIYRDYTWAELAYTWY,0
VLYDEFKCFI,HLA-A*02:01,YFAMYGEKVAHTHVDTLYVRYHYYTWAVLAYTWY,0
FLRNIPRSIF,HLA-B*07:02,YYSEYRNIYAQTDESNLYLSYDYYTWAERAYEWY,0
PQKRLLDSEF,HLA-A*02:01,YFAMYGEKVAHTHVDTLYVRYHYYTWAVLAYTWY,0
PESSQRPPL,HLA-A*02:01,YFAMYGEKVAHTHVDTLYVRYHYYTWAVLAYTWY,1
DGKTHGNKC,HLA-A*03:01,YFAMYQENVAQTDVDTLYIIYRDYTWAELAYTWY,0
TAMNFGTKSF,HLA-A*02:01,YFAMYGEKVAHTHVDTLYVRYHYYTWAVLAYTWY,0
VDAIITLKY,HLA-A*01:01,YFAMYQENMAHTDANTLYIIYRDYTWVARVYRGY,0
CYGHRGCYY,HLA-A*23:01,YSAMYEEKVAHTDENIAYLMFHYYTWAVLAYTGY,0
LYDEFKCFI,HLA-A*24:02,YSAMYEEKVAHTDENIAYLMFHYYTWAVQAYTGY,0
KSSPFTAAA,HLA-C*15:02,YYAGYRENYRQTDVNKLYIRYDLYTWAELAYTWY,0
VENRRAFLK,HLA-B*40:02,YHTKYREISTNTYESNLYLSYNYYTWAVLAYEWY,0
AQAARQQLE,HLA-A*02:01,YFAMYGEKVAHTHVDTLYVRYHYYTWAVLAYTWY,0
MVKNNKIQK,HLA-A*33:03,YTAMYRNNVAHIDVDTLYIMYQDYTWAVLAYTWY,0
FSDVININIY,HLA-A*01:01,YFAMYQENMAHTDANTLYIIYRDYTWVARVYRGY,0
VFSDMETKV,HLA-A*24:02,YSAMYEEKVAHTDENIAYLMFHYYTWAVQAYTGY,1
RMIHQGREL,HLA-B*15:01,YYAMYREISTNTYESNLYLRYDSYTWAEWAYLWY,0
KESCNGLYY,HLA-A*01:01,YFAMYQENMAHTDANTLYIIYRDYTWVARVYRGY,0
SLAADSKED,HLA-A*24:02,YSAMYEEKVAHTDENIAYLMFHYYTWAVQAYTGY,0
EAENEEDEDD,HLA-A*03:01,YFAMYQENVAQTDVDTLYIIYRDYTWAELAYTWY,0
PDYDRSQWLNE,HLA-B*07:02,YYSEYRNIYAQTDESNLYLSYDYYTWAERAYEWY,0
EHITQEKAP,HLA-B*08:01,YDSEYRNIFTNTDESNLYLSYNYYTWAVDAYTWY,0
DNLSTRHYE,HLA-A*24:02,YSAMYEEKVAHTDENIAYLMFHYYTWAVQAYTGY,0
FTEKRYKSI,HLA-A*02:01,YFAMYGEKVAHTHVDTLYVRYHYYTWAVLAYTWY,0
FSNRVYEALY,HLA-A*01:01,YFAMYQENMAHTDANTLYIIYRDYTWVARVYRGY,0
QLQEELQNKS,HLA-A*02:01,YFAMYGEKVAHTHVDTLYVRYHYYTWAVLAYTWY,0
SHVSIVTSE,HLA-A*02:01,YFAMYGEKVAHTHVDTLYVRYHYYTWAVLAYTWY,0
IGSPGEIRW,HLA-A*02:01,YFAMYGEKVAHTHVDTLYVRYHYYTWAVLAYTWY,0
LTLDEQIFV,HLA-A*02:01,YFAMYGEKVAHTHVDTLYVRYHYYTWAVLAYTWY,0
FSKLIIYDIV,HLA-A*01:01,YFAMYQENMAHTDANTLYIIYRDYTWVARVYRGY,0
FTFIICGIIC,HLA-A*02:01,YFAMYGEKVAHTHVDTLYVRYHYYTWAVLAYTWY,0
VYVYIKTPF,HLA-A*23:01,YSAMYEEKVAHTDENIAYLMFHYYTWAVLAYTGY,0
KEFADCMYYF,HLA-B*40:02,YHTKYREISTNTYESNLYLSYNYYTWAVLAYEWY,0
LTEDSVKNY,HLA-A*29:02,YTAMYLQNVAQTDANTLYIMYRDYTWAVLAYTWY,0
SLVEWGTSTY,HLA-A*33:03,YTAMYRNNVAHIDVDTLYIMYQDYTWAVLAYTWY,0
QALMFTIKI,HLA-A*02:01,YFAMYGEKVAHTHVDTLYVRYHYYTWAVLAYTWY,0
GDESLPYLPL,HLA-A*11:01,YYAMYQENVAQTDVDTLYIIYRDYTWAAQAYRWY,0
ATWEVDRSS,HLA-A*02:06,YYAMYGEKVAHTHVDTLYVRYHYYTWAVLAYTWY,0
RSFSEVFLV,HLA-A*02:01,YFAMYGEKVAHTHVDTLYVRYHYYTWAVLAYTWY,0
LPELGVRFE,HLA-B*14:02,YYSEYRNICTNTDESNLYLWYNFYTWAELAYTWH,0
KSSGPPPPSG,HLA-B*15:01,YYAMYREISTNTYESNLYLRYDSYTWAEWAYLWY,0
AIIPLSASV,HLA-A*02:01,YFAMYGEKVAHTHVDTLYVRYHYYTWAVLAYTWY,0
KEYTPQIYTY,HLA-B*40:01,YHTKYREISTNTYESNLYLRYNYYSLAVLAYEWY,0
MSTFIQPTFL,HLA-B*07:02,YYSEYRNIYAQTDESNLYLSYDYYTWAERAYEWY,0
TTISLKGC,HLA-B*35:08,YYATYRNIFTNTYESNLYIRYDSYTWAVRAYLWY,0
IVIDEILFK,HLA-A*33:01,YTAMYRNNVAHIDVDTLYIMYQDYTWAVLAYTWH,0
SSLQKTPVWK,HLA-A*02:01,YFAMYGEKVAHTHVDTLYVRYHYYTWAVLAYTWY,0
QDTTAVQLS,HLA-B*40:01,YHTKYREISTNTYESNLYLRYNYYSLAVLAYEWY,0
RENAHDKIRP,HLA-B*08:01,YDSEYRNIFTNTDESNLYLSYNYYTWAVDAYTWY,0
MIESKRPLY,HLA-A*30:02,YSAMYQENVAHTDENTLYIIYEHYTWARLAYTWY,0
MMLLLLLLL,HLA-A*02:11,YFAMYGEKVAHIDVDTLYVRYHYYTWAVLAYTWY,0
DLVYLRLYK,HLA-A*33:03,YTAMYRNNVAHIDVDTLYIMYQDYTWAVLAYTWY,0
VPLLMIGCY,HLA-B*35:01,YYATYRNIFTNTYESNLYIRYDSYTWAVLAYLWY,0
QQYKWYILK,HLA-A*03:01,YFAMYQENVAQTDVDTLYIIYRDYTWAELAYTWY,0
MQDRGAVLPI,HLA-B*40:01,YHTKYREISTNTYESNLYLRYNYYSLAVLAYEWY,0
VMFLGSNDG,HLA-B*40:01,YHTKYREISTNTYESNLYLRYNYYSLAVLAYEWY,0
NYFTKINNF,HLA-A*23:01,YSAMYEEKVAHTDENIAYLMFHYYTWAVLAYTGY,0
PGAEDGAEAQ,HLA-A*03:01,YFAMYQENVAQTDVDTLYIIYRDYTWAELAYTWY,0
LYDDLDISI,HLA-A*24:07,YSAMYEEKVAQTDENIAYLMFHYYTWAVQAYTGY,0
YSLWAHLWK,HLA-A*02:01,YFAMYGEKVAHTHVDTLYVRYHYYTWAVLAYTWY,0
IGMLKSRCEL,HLA-C*03:03,YYAGYREKYRQTDVSNLYIRYDYYTWAELAYLWY,0
SVTVFAFLGL,HLA-B*15:10,YYSEYRNICTNTYESNLYLRYDYYTWAELAYLWY,0
LKEQVIRAV,HLA-A*02:01,YFAMYGEKVAHTHVDTLYVRYHYYTWAVLAYTWY,0
ERRLRAHNR,HLA-C*07:02,YDSGYREKYRQADVSNLYLRSDSYTLAALAYTWY,0
RGRATYPAGV,HLA-A*01:01,YFAMYQENMAHTDANTLYIIYRDYTWVARVYRGY,0
SNEIRNIPR,HLA-A*02:03,YFAMYGEKVAHTHVDTLYVRYHYYTWAEWAYTWY,0
ALKIQSAFR,HLA-A*02:01,YFAMYGEKVAHTHVDTLYVRYHYYTWAVLAYTWY,0
SNSVLQGAV,HLA-A*03:01,YFAMYQENVAQTDVDTLYIIYRDYTWAELAYTWY,0
VTMMKYCSY,HLA-A*30:02,YSAMYQENVAHTDENTLYIIYEHYTWARLAYTWY,0
DFYDGGDNN,HLA-A*02:07,YFAMYGEKVAHTHVDTLYVRCHYYTWAVLAYTWY,0
YYADAFDFY,HLA-A*24:02,YSAMYEEKVAHTDENIAYLMFHYYTWAVQAYTGY,0
RNGFPLGST,HLA-B*08:01,YDSEYRNIFTNTDESNLYLSYNYYTWAVDAYTWY,0
FQQKVLQEYK,HLA-A*33:03,YTAMYRNNVAHIDVDTLYIMYQDYTWAVLAYTWY,0
VSFSGIVQMD,HLA-B*07:02,YYSEYRNIYAQTDESNLYLSYDYYTWAERAYEWY,0
RLDFNLIRV,HLA-A*02:01,YFAMYGEKVAHTHVDTLYVRYHYYTWAVLAYTWY,1
PDGQMLLTG,HLA-A*02:01,YFAMYGEKVAHTHVDTLYVRYHYYTWAVLAYTWY,0
EDMKKIVAVP,HLA-B*44:03,YYTKYREISTNTYENTAYIRYDDYTWAVLAYLSY,0
VNGQGDEVK,HLA-A*02:01,YFAMYGEKVAHTHVDTLYVRYHYYTWAVLAYTWY,0
LVHTSGLPT,HLA-B*35:01,YYATYRNIFTNTYESNLYIRYDSYTWAVLAYLWY,0
TELPLPSKS,HLA-A*02:01,YFAMYGEKVAHTHVDTLYVRYHYYTWAVLAYTWY,0
YVTFAVSFYVV,HLA-A*02:01,YFAMYGEKVAHTHVDTLYVRYHYYTWAVLAYTWY,0
KSSGPPPPSG,HLA-B*40:02,YHTKYREISTNTYESNLYLSYNYYTWAVLAYEWY,0
VAGDSGFAAY,HLA-A*01:01,YFAMYQENMAHTDANTLYIIYRDYTWVARVYRGY,0
LTAILFFMSR,HLA-A*03:01,YFAMYQENVAQTDVDTLYIIYRDYTWAELAYTWY,0
TLYVKALTK,HLA-A*33:03,YTAMYRNNVAHIDVDTLYIMYQDYTWAVLAYTWY,0
LYFLKHLNE,HLA-A*02:01,YFAMYGEKVAHTHVDTLYVRYHYYTWAVLAYTWY,0
IAKDRCVVA,HLA-A*02:01,YFAMYGEKVAHTHVDTLYVRYHYYTWAVLAYTWY,0
MWTITGEY,HLA-A*11:01,YYAMYQENVAQTDVDTLYIIYRDYTWAAQAYRWY,0
QEVASQEVPP,HLA-B*40:01,YHTKYREISTNTYESNLYLRYNYYSLAVLAYEWY,0
DLVYLRLYK,HLA-A*33:01,YTAMYRNNVAHIDVDTLYIMYQDYTWAVLAYTWH,0
QERSILSSFF,HLA-B*40:01,YHTKYREISTNTYESNLYLRYNYYSLAVLAYEWY,0
SKVGYQVRF,HLA-A*24:02,YSAMYEEKVAHTDENIAYLMFHYYTWAVQAYTGY,0
VTSFTYINE,HLA-A*02:01,YFAMYGEKVAHTHVDTLYVRYHYYTWAVLAYTWY,0
TVNELTPVGT,HLA-A*02:01,YFAMYGEKVAHTHVDTLYVRYHYYTWAVLAYTWY,0
RTALPNMNRE,HLA-B*40:01,YHTKYREISTNTYESNLYLRYNYYSLAVLAYEWY,0
LLPPLLEHL,HLA-A*02:01,YFAMYGEKVAHTHVDTLYVRYHYYTWAVLAYTWY,1
QGYWLPSYK,HLA-B*07:02,YYSEYRNIYAQTDESNLYLSYDYYTWAERAYEWY,0
CVLIFYVTVM,HLA-B*51:01,YYATYRNIFTNTYENIAYWTYNYYTWAELAYLWH,0
MMVLLHAVY,HLA-A*26:01,YYAMYRNNVAHTDANTLYIRYQDYTWAEWAYRWY,0
NYNIGYQGF,HLA-A*24:02,YSAMYEEKVAHTDENIAYLMFHYYTWAVQAYTGY,0
ATNDGLIKK,HLA-A*03:01,YFAMYQENVAQTDVDTLYIIYRDYTWAELAYTWY,0
FTFGDTALY,HLA-A*29:02,YTAMYLQNVAQTDANTLYIMYRDYTWAVLAYTWY,0
TLPITFLRN,HLA-A*24:02,YSAMYEEKVAHTDENIAYLMFHYYTWAVQAYTGY,0
RKLQDLIKDVL,HLA-A*02:01,YFAMYGEKVAHTHVDTLYVRYHYYTWAVLAYTWY,0
LLIDILILL,HLA-A*02:01,YFAMYGEKVAHTHVDTLYVRYHYYTWAVLAYTWY,0
RVYISYLDCI,HLA-A*30:01,YSAMYQENVAQTDVDTLYIIYEHYTWAWLAYTWY,1
LAAKSDVLY,HLA-A*01:01,YFAMYQENMAHTDANTLYIIYRDYTWVARVYRGY,0
AAEDLEKTM,HLA-A*02:01,YFAMYGEKVAHTHVDTLYVRYHYYTWAVLAYTWY,0
IMAPANFFV,HLA-A*02:01,YFAMYGEKVAHTHVDTLYVRYHYYTWAVLAYTWY,0
KMCTVSDYI,HLA-A*24:07,YSAMYEEKVAQTDENIAYLMFHYYTWAVQAYTGY,0
GKTFSRKSYL,HLA-A*24:02,YSAMYEEKVAHTDENIAYLMFHYYTWAVQAYTGY,0
DYRGSYNTV,HLA-A*01:01,YFAMYQENMAHTDANTLYIIYRDYTWVARVYRGY,0
RYMDKVSNLSLF,HLA-A*24:02,YSAMYEEKVAHTDENIAYLMFHYYTWAVQAYTGY,1
KQDGYTALHY,HLA-A*30:02,YSAMYQENVAHTDENTLYIIYEHYTWARLAYTWY,0
VTFLSCQFV,HLA-A*01:01,YFAMYQENMAHTDANTLYIIYRDYTWVARVYRGY,0
KQFSRENLLK,HLA-A*11:01,YYAMYQENVAQTDVDTLYIIYRDYTWAAQAYRWY,0
VAVKMLKDD,HLA-A*02:01,YFAMYGEKVAHTHVDTLYVRYHYYTWAVLAYTWY,0
TPHTWLGRV,HLA-A*68:02,YYAMYRNNVAQTDVDTLYIRYHYYTWAVWAYTWY,0
YLSKFSGK,HLA-A*11:01,YYAMYQENVAQTDVDTLYIIYRDYTWAAQAYRWY,0
KPNELSRVL,HLA-B*08:01,YDSEYRNIFTNTDESNLYLSYNYYTWAVDAYTWY,1
LTVDYATFY,HLA-A*01:01,YFAMYQENMAHTDANTLYIIYRDYTWVARVYRGY,0
NLLMFGTRK,HLA-A*33:01,YTAMYRNNVAHIDVDTLYIMYQDYTWAVLAYTWH,0
GATDEKGPV,HLA-C*03:03,YYAGYREKYRQTDVSNLYIRYDYYTWAELAYLWY,0
SMCEASFAS,HLA-A*26:01,YYAMYRNNVAHTDANTLYIRYQDYTWAEWAYRWY,0
VFKEKVDTR,HLA-A*33:01,YTAMYRNNVAHIDVDTLYIMYQDYTWAVLAYTWH,0
VKEVQSEDSV,HLA-B*07:02,YYSEYRNIYAQTDESNLYLSYDYYTWAERAYEWY,0
YTFHFLYFK,HLA-A*24:02,YSAMYEEKVAHTDENIAYLMFHYYTWAVQAYTGY,0
LVTCSVCCY,HLA-A*03:01,YFAMYQENVAQTDVDTLYIIYRDYTWAELAYTWY,0
SFASTRTIFK,HLA-B*18:01,YHSTYRNISTNTYESNLYLRYDSYTWAVLAYTWH,0
HIKKEGRWV,HLA-A*02:01,YFAMYGEKVAHTHVDTLYVRYHYYTWAVLAYTWY,0
PCHSSTHCL,HLA-B*44:02,YYTKYREISTNTYENTAYIRYDDYTWAVDAYLSY,0
LQALLLQHV,HLA-B*15:01,YYAMYREISTNTYESNLYLRYDSYTWAEWAYLWY,0
RQQLPFSVIG,HLA-A*03:01,YFAMYQENVAQTDVDTLYIIYRDYTWAELAYTWY,0
ADVEFCLSL,HLA-A*02:01,YFAMYGEKVAHTHVDTLYVRYHYYTWAVLAYTWY,0
SSEPEEMA,HLA-A*02:01,YFAMYGEKVAHTHVDTLYVRYHYYTWAVLAYTWY,0
KFWITVMTK,HLA-A*68:01,YYAMYRNNVAQTDVDTLYIMYRDYTWAVWAYTWY,0
KMYGLGLRQ,HLA-A*24:02,YSAMYEEKVAHTDENIAYLMFHYYTWAVQAYTGY,0
TSPDRYIIV,HLA-A*02:01,YFAMYGEKVAHTHVDTLYVRYHYYTWAVLAYTWY,0
EIRAEEIPE,HLA-C*06:02,YDSGYREKYRQADVNKLYLWYDSYTWAEWAYTWY,0
NLALAVFSF,HLA-A*24:02,YSAMYEEKVAHTDENIAYLMFHYYTWAVQAYTGY,0
IILWFFNAM,HLA-A*02:01,YFAMYGEKVAHTHVDTLYVRYHYYTWAVLAYTWY,0
LALLQATGKA,HLA-A*24:02,YSAMYEEKVAHTDENIAYLMFHYYTWAVQAYTGY,0
LLFALHFSA,HLA-A*02:01,YFAMYGEKVAHTHVDTLYVRYHYYTWAVLAYTWY,1
GTPTVAHIYK,HLA-A*33:01,YTAMYRNNVAHIDVDTLYIMYQDYTWAVLAYTWH,0
SSEPEEMAD,HLA-B*07:02,YYSEYRNIYAQTDESNLYLSYDYYTWAERAYEWY,0
NLLDKRQFEL,HLA-A*02:01,YFAMYGEKVAHTHVDTLYVRYHYYTWAVLAYTWY,0
VQVIPWVLADS,HLA-B*51:01,YYATYRNIFTNTYENIAYWTYNYYTWAELAYLWH,0
TIAPEGSRPQG,HLA-B*07:02,YYSEYRNIYAQTDESNLYLSYDYYTWAERAYEWY,0
EIKESVQTF,HLA-B*07:02,YYSEYRNIYAQTDESNLYLSYDYYTWAERAYEWY,1
FFKTSAQVVL,HLA-A*24:02,YSAMYEEKVAHTDENIAYLMFHYYTWAVQAYTGY,0
CTDCDRFLH,HLA-A*11:01,YYAMYQENVAQTDVDTLYIIYRDYTWAAQAYRWY,0
KSKPQQSASGN,HLA-A*02:01,YFAMYGEKVAHTHVDTLYVRYHYYTWAVLAYTWY,0
LYNNTIMML,HLA-A*23:01,YSAMYEEKVAHTDENIAYLMFHYYTWAVLAYTGY,0
EEYFMYRGLL,HLA-B*49:01,YHTKYREISTNTYENIAYWRYNLYTWAELAYLWY,0
QLIQHNRRL,HLA-A*02:01,YFAMYGEKVAHTHVDTLYVRYHYYTWAVLAYTWY,0
CEVDGLRGTN,HLA-A*02:01,YFAMYGEKVAHTHVDTLYVRYHYYTWAVLAYTWY,0
LLFFLALSI,HLA-A*02:01,YFAMYGEKVAHTHVDTLYVRYHYYTWAVLAYTWY,0
NWKNFYPSY,HLA-A*24:02,YSAMYEEKVAHTDENIAYLMFHYYTWAVQAYTGY,0
IYYQLAGYI,HLA-A*24:07,YSAMYEEKVAQTDENIAYLMFHYYTWAVQAYTGY,0
NEEKSDINTL,HLA-B*44:02,YYTKYREISTNTYENTAYIRYDDYTWAVDAYLSY,0
PLLLILVSY,HLA-A*03:01,YFAMYQENVAQTDVDTLYIIYRDYTWAELAYTWY,0
EKDYALYIY,HLA-A*30:02,YSAMYQENVAHTDENTLYIIYEHYTWARLAYTWY,0
RSSWVMTCA,HLA-A*24:02,YSAMYEEKVAHTDENIAYLMFHYYTWAVQAYTGY,0
VEEGREGCY,HLA-B*44:02,YYTKYREISTNTYENTAYIRYDDYTWAVDAYLSY,0
ATSFFNERNI,HLA-B*08:01,YDSEYRNIFTNTDESNLYLSYNYYTWAVDAYTWY,0
EPGFFVTGDRA,HLA-A*24:02,YSAMYEEKVAHTDENIAYLMFHYYTWAVQAYTGY,0
IQFQKTACR,HLA-A*11:01,YYAMYQENVAQTDVDTLYIIYRDYTWAAQAYRWY,0
SPLSRKFQLP,HLA-B*08:01,YDSEYRNIFTNTDESNLYLSYNYYTWAVDAYTWY,0
DELDQKKEL,HLA-B*40:01,YHTKYREISTNTYESNLYLRYNYYSLAVLAYEWY,0
KFLENVNKK,HLA-A*30:01,YSAMYQENVAQTDVDTLYIIYEHYTWAWLAYTWY,0
VQCSREEGL,HLA-A*02:01,YFAMYGEKVAHTHVDTLYVRYHYYTWAVLAYTWY,0
YMEYCLVIY,HLA-A*29:02,YTAMYLQNVAQTDANTLYIMYRDYTWAVLAYTWY,0
FTQGSPERD,HLA-A*02:01,YFAMYGEKVAHTHVDTLYVRYHYYTWAVLAYTWY,0
IMPDNNGSSM,HLA-B*35:01,YYATYRNIFTNTYESNLYIRYDSYTWAVLAYLWY,0
GAVDRGEGGSE,HLA-A*02:01,YFAMYGEKVAHTHVDTLYVRYHYYTWAVLAYTWY,0
VLLSATIFLV,HLA-A*02:06,YYAMYGEKVAHTHVDTLYVRYHYYTWAVLAYTWY,0
YFIAMRLDK,HLA-A*11:01,YYAMYQENVAQTDVDTLYIIYRDYTWAAQAYRWY,0
VAINIPRLLLD,HLA-A*11:01,YYAMYQENVAQTDVDTLYIIYRDYTWAAQAYRWY,0
FLDLEPIPG,HLA-A*02:01,YFAMYGEKVAHTHVDTLYVRYHYYTWAVLAYTWY,0
EYTACNNTI,HLA-A*24:02,YSAMYEEKVAHTDENIAYLMFHYYTWAVQAYTGY,0
LSFRVFDLE,HLA-A*02:01,YFAMYGEKVAHTHVDTLYVRYHYYTWAVLAYTWY,0
FAFDAVSKPGL,HLA-A*68:02,YYAMYRNNVAQTDVDTLYIRYHYYTWAVWAYTWY,0
DIHKGASYVFR,HLA-A*30:02,YSAMYQENVAHTDENTLYIIYEHYTWARLAYTWY,0
PFSWIRHFLIA,HLA-A*02:01,YFAMYGEKVAHTHVDTLYVRYHYYTWAVLAYTWY,0
VEVDAVHKH,HLA-A*68:01,YYAMYRNNVAQTDVDTLYIMYRDYTWAVWAYTWY,0
ILKETVKQI,HLA-A*11:01,YYAMYQENVAQTDVDTLYIIYRDYTWAAQAYRWY,0
EALHYMQSL,HLA-C*03:04,YYAGYREKYRQTDVSNLYIRYDYYTWAELAYLWY,1
TSEDSNAQE,HLA-A*24:02,YSAMYEEKVAHTDENIAYLMFHYYTWAVQAYTGY,0
SELINKFVEL,HLA-B*44:02,YYTKYREISTNTYENTAYIRYDDYTWAVDAYLSY,0
VEVPQSAPMYQ,HLA-C*04:01,YSAGYREKYRQADVNKLYLRFNFYTWAERAYTWY,0
SLIEENCGV,HLA-A*24:02,YSAMYEEKVAHTDENIAYLMFHYYTWAVQAYTGY,0
DEDSKIKFF,HLA-B*37:01,YHSTYREISTNTYEDTLYIRSNFYTWAVDAYTWY,0
ALNFPGSQK,HLA-A*03:01,YFAMYQENVAQTDVDTLYIIYRDYTWAELAYTWY,0
APEEKIWEEL,HLA-B*07:02,YYSEYRNIYAQTDESNLYLSYDYYTWAERAYEWY,0
VTSAKVAVN,HLA-B*07:02,YYSEYRNIYAQTDESNLYLSYDYYTWAERAYEWY,0
TVPSDFHQIK,HLA-B*35:01,YYATYRNIFTNTYESNLYIRYDSYTWAVLAYLWY,0
VSHSSSVQT,HLA-A*02:01,YFAMYGEKVAHTHVDTLYVRYHYYTWAVLAYTWY,0
KAYNVTQAF,HLA-B*57:01,YYAMYGENMASTYENIAYIVYDSYTWAVLAYLWY,1
PLSPCPEPP,HLA-B*35:01,YYATYRNIFTNTYESNLYIRYDSYTWAVLAYLWY,0
APKELAPTT,HLA-B*35:01,YYATYRNIFTNTYESNLYIRYDSYTWAVLAYLWY,0
QNGLILGYK,HLA-A*03:01,YFAMYQENVAQTDVDTLYIIYRDYTWAELAYTWY,0
VKTMAVTPGTT,HLA-A*11:01,YYAMYQENVAQTDVDTLYIIYRDYTWAAQAYRWY,0
APKELAPTT,HLA-B*40:01,YHTKYREISTNTYESNLYLRYNYYSLAVLAYEWY,0
CPGSHCLTIT,HLA-A*02:01,YFAMYGEKVAHTHVDTLYVRYHYYTWAVLAYTWY,0
HTSRTVLIS,HLA-A*02:11,YFAMYGEKVAHIDVDTLYVRYHYYTWAVLAYTWY,0
FLPSDFFPS,HLA-A*02:01,YFAMYGEKVAHTHVDTLYVRYHYYTWAVLAYTWY,1
HPKVHLNTM,HLA-B*08:01,YDSEYRNIFTNTDESNLYLSYNYYTWAVDAYTWY,0
VTISYNLEK,HLA-A*33:01,YTAMYRNNVAHIDVDTLYIMYQDYTWAVLAYTWH,0
LLLPYTINL,HLA-A*02:01,YFAMYGEKVAHTHVDTLYVRYHYYTWAVLAYTWY,0
KETLNEYKQL,HLA-B*37:01,YHSTYREISTNTYEDTLYIRSNFYTWAVDAYTWY,0
FPVYNYQPFP,HLA-A*02:01,YFAMYGEKVAHTHVDTLYVRYHYYTWAVLAYTWY,0
CGYSGEPRPTY,HLA-B*35:01,YYATYRNIFTNTYESNLYIRYDSYTWAVLAYLWY,0
QLRCNGVLE,HLA-A*30:02,YSAMYQENVAHTDENTLYIIYEHYTWARLAYTWY,0
SAGEVERLV,HLA-C*07:02,YDSGYREKYRQADVSNLYLRSDSYTLAALAYTWY,0
VSSLSEITY,HLA-A*30:02,YSAMYQENVAHTDENTLYIIYEHYTWARLAYTWY,0
STSSGQYTG,HLA-A*02:02,YFAMYGEKVAHTHVDTLYLRYHYYTWAVWAYTWY,0
STSSGQYTG,HLA-A*26:01,YYAMYRNNVAHTDANTLYIRYQDYTWAEWAYRWY,0
IELCGAFLF,HLA-B*40:02,YHTKYREISTNTYESNLYLSYNYYTWAVLAYEWY,0
SGSDTVGAG,HLA-A*02:01,YFAMYGEKVAHTHVDTLYVRYHYYTWAVLAYTWY,0
TVSFSDSKY,HLA-A*30:02,YSAMYQENVAHTDENTLYIIYEHYTWARLAYTWY,0
RLPYIIEILK,HLA-A*33:01,YTAMYRNNVAHIDVDTLYIMYQDYTWAVLAYTWH,0
RGNKDEAEKL,HLA-B*40:01,YHTKYREISTNTYESNLYLRYNYYSLAVLAYEWY,0
GATLHTLAA,HLA-A*02:01,YFAMYGEKVAHTHVDTLYVRYHYYTWAVLAYTWY,0
SAQSHCSTY,HLA-B*15:01,YYAMYREISTNTYESNLYLRYDSYTWAEWAYLWY,0
HQGQLLREL,HLA-A*02:01,YFAMYGEKVAHTHVDTLYVRYHYYTWAVLAYTWY,0
LPRDAVDSA,HLA-A*02:01,YFAMYGEKVAHTHVDTLYVRYHYYTWAVLAYTWY,0
LLTLSPHYK,HLA-A*03:01,YFAMYQENVAQTDVDTLYIIYRDYTWAELAYTWY,0
STITHYSPR,HLA-A*11:01,YYAMYQENVAQTDVDTLYIIYRDYTWAAQAYRWY,0
EDMKKIVAVP,HLA-A*02:07,YFAMYGEKVAHTHVDTLYVRCHYYTWAVLAYTWY,0
KLVEFDFLGA,HLA-A*02:01,YFAMYGEKVAHTHVDTLYVRYHYYTWAVLAYTWY,1
PWSRSRHTEE,HLA-A*02:01,YFAMYGEKVAHTHVDTLYVRYHYYTWAVLAYTWY,0
PQSSYTSVP,HLA-A*02:01,YFAMYGEKVAHTHVDTLYVRYHYYTWAVLAYTWY,0
QEAKSSKIM,HLA-A*11:01,YYAMYQENVAQTDVDTLYIIYRDYTWAAQAYRWY,0
FFADDDSFF,HLA-A*24:02,YSAMYEEKVAHTDENIAYLMFHYYTWAVQAYTGY,0
LIMYSVIGV,HLA-A*02:01,YFAMYGEKVAHTHVDTLYVRYHYYTWAVLAYTWY,0
IETGTPFIL,HLA-B*40:01,YHTKYREISTNTYESNLYLRYNYYSLAVLAYEWY,0
SPYYRNSVA,HLA-B*55:01,YYAEYRNIYAQTDESNLYWTYNLYTWAELAYTWY,0
KQKEMLQAQ,HLA-A*02:01,YFAMYGEKVAHTHVDTLYVRYHYYTWAVLAYTWY,0
MSTFIQPTF,HLA-B*35:01,YYATYRNIFTNTYESNLYIRYDSYTWAVLAYLWY,0
QEFFWDAND,HLA-A*24:02,YSAMYEEKVAHTDENIAYLMFHYYTWAVQAYTGY,1
TTMDGDKLSK,HLA-A*68:01,YYAMYRNNVAQTDVDTLYIMYRDYTWAVWAYTWY,0
VRPCSRPHR,HLA-B*44:02,YYTKYREISTNTYENTAYIRYDDYTWAVDAYLSY,0
GSAITECENY,HLA-A*30:02,YSAMYQENVAHTDENTLYIIYEHYTWARLAYTWY,0
SPDCMVICL,HLA-B*55:01,YYAEYRNIYAQTDESNLYWTYNLYTWAELAYTWY,0
TYSCNSGYSL,HLA-A*23:01,YSAMYEEKVAHTDENIAYLMFHYYTWAVLAYTGY,0
VQVIPWVL,HLA-B*08:01,YDSEYRNIFTNTDESNLYLSYNYYTWAVDAYTWY,0
YQLPTRVRG,HLA-A*30:01,YSAMYQENVAQTDVDTLYIIYEHYTWAWLAYTWY,0
VAINIPRLL,HLA-A*29:02,YTAMYLQNVAQTDANTLYIMYRDYTWAVLAYTWY,0
YLYNKYSFK,HLA-A*03:01,YFAMYQENVAQTDVDTLYIIYRDYTWAELAYTWY,0
FSMAKTSTSL,HLA-B*15:01,YYAMYREISTNTYESNLYLRYDSYTWAEWAYLWY,0
NPWMEDKTH,HLA-B*35:01,YYATYRNIFTNTYESNLYIRYDSYTWAVLAYLWY,1
PDKGDLMHD,HLA-A*02:01,YFAMYGEKVAHTHVDTLYVRYHYYTWAVLAYTWY,0
KMTRVFNKF,HLA-A*23:01,YSAMYEEKVAHTDENIAYLMFHYYTWAVLAYTGY,0
IEPTFKHSL,HLA-B*37:01,YHSTYREISTNTYEDTLYIRSNFYTWAVDAYTWY,0
QPGALGAQI,HLA-A*02:01,YFAMYGEKVAHTHVDTLYVRYHYYTWAVLAYTWY,0
VATFYLYMK,HLA-A*31:01,YTAMYQENVAHIDVDTLYIMYQDYTWAVLAYTWY,0
HEHINDQKF,HLA-B*44:02,YYTKYREISTNTYENTAYIRYDDYTWAVDAYLSY,0
CKFSSQSRDT,HLA-A*01:01,YFAMYQENMAHTDANTLYIIYRDYTWVARVYRGY,0
FLFELIPEP,HLA-A*02:01,YFAMYGEKVAHTHVDTLYVRYHYYTWAVLAYTWY,1
GTPTVAHIYK,HLA-A*68:01,YYAMYRNNVAQTDVDTLYIMYRDYTWAVWAYTWY,0
NQVEKAIND,HLA-B*58:01,YYATYGENMASTYENIAYIRYDSYTWAVLAYLWY,0
LSTDPSVLGK,HLA-A*02:01,YFAMYGEKVAHTHVDTLYVRYHYYTWAVLAYTWY,0
FPRGQGVPI,HLA-B*08:01,YDSEYRNIFTNTDESNLYLSYNYYTWAVDAYTWY,1
QCLDCAQRNLY,HLA-A*11:01,YYAMYQENVAQTDVDTLYIIYRDYTWAAQAYRWY,0
SNAFCTDSSS,HLA-A*02:01,YFAMYGEKVAHTHVDTLYVRYHYYTWAVLAYTWY,0
DESEARVEF,HLA-B*40:02,YHTKYREISTNTYESNLYLSYNYYTWAVLAYEWY,0
QEMSETYSL,HLA-B*49:01,YHTKYREISTNTYENIAYWRYNLYTWAELAYLWY,0
EGNVRAIK,HLA-A*11:01,YYAMYQENVAQTDVDTLYIIYRDYTWAAQAYRWY,0
IIDEKKYYL,HLA-A*24:02,YSAMYEEKVAHTDENIAYLMFHYYTWAVQAYTGY,0
GDTAWDFGSV,HLA-B*40:01,YHTKYREISTNTYESNLYLRYNYYSLAVLAYEWY,0
NKSCSMPPI,HLA-B*53:01,YYATYRNIFTNTYENIAYIRYDSYTWAVLAYLWY,0
IEETNIDRV,HLA-A*02:01,YFAMYGEKVAHTHVDTLYVRYHYYTWAVLAYTWY,0
LALLQATGK,HLA-B*08:01,YDSEYRNIFTNTDESNLYLSYNYYTWAVDAYTWY,0
VEVPQSAPM,HLA-A*26:03,YYAMYRNNVAHTHVDTLYIRYQDYTWAEWAYRWY,0
MLMETLLY,HLA-A*30:02,YSAMYQENVAHTDENTLYIIYEHYTWARLAYTWY,1
IPRLLRTFLA,HLA-B*07:02,YYSEYRNIYAQTDESNLYLSYDYYTWAERAYEWY,0
CYFTHLGYI,HLA-A*23:01,YSAMYEEKVAHTDENIAYLMFHYYTWAVLAYTGY,0
VQKSADFTK,HLA-A*33:03,YTAMYRNNVAHIDVDTLYIMYQDYTWAVLAYTWY,0
FRLFARTRSM,HLA-B*08:01,YDSEYRNIFTNTDESNLYLSYNYYTWAVDAYTWY,1
GWFLLDNYI,HLA-B*07:02,YYSEYRNIYAQTDESNLYLSYDYYTWAERAYEWY,0
FLYHTSAAK,HLA-A*11:01,YYAMYQENVAQTDVDTLYIIYRDYTWAAQAYRWY,0
SQVAVTPPPK,HLA-A*68:01,YYAMYRNNVAQTDVDTLYIMYRDYTWAVWAYTWY,0
VELCYGHLYF,HLA-B*40:01,YHTKYREISTNTYESNLYLRYNYYSLAVLAYEWY,0
SSEDIMFSK,HLA-A*68:01,YYAMYRNNVAQTDVDTLYIMYRDYTWAVWAYTWY,0
TFSDIQKEF,HLA-A*24:02,YSAMYEEKVAHTDENIAYLMFHYYTWAVQAYTGY,0
MLLRSAIGQV,HLA-A*02:01,YFAMYGEKVAHTHVDTLYVRYHYYTWAVLAYTWY,0
RVTLTNNLL,HLA-A*02:01,YFAMYGEKVAHTHVDTLYVRYHYYTWAVLAYTWY,0
FPAPPRRSR,HLA-B*07:02,YYSEYRNIYAQTDESNLYLSYDYYTWAERAYEWY,0
MGERGHPGPP,HLA-B*08:01,YDSEYRNIFTNTDESNLYLSYNYYTWAVDAYTWY,0
FVAGTQEVFV,HLA-A*02:01,YFAMYGEKVAHTHVDTLYVRYHYYTWAVLAYTWY,0
LDGLWTTI,HLA-B*08:01,YDSEYRNIFTNTDESNLYLSYNYYTWAVDAYTWY,0
FSTSSSYLY,HLA-A*29:02,YTAMYLQNVAQTDANTLYIMYRDYTWAVLAYTWY,0
TTFSLHYAW,HLA-B*58:01,YYATYGENMASTYENIAYIRYDSYTWAVLAYLWY,1
KYTGYLCRS,HLA-A*02:01,YFAMYGEKVAHTHVDTLYVRYHYYTWAVLAYTWY,0
VTGCKKRQY,HLA-A*26:01,YYAMYRNNVAHTDANTLYIRYQDYTWAEWAYRWY,0
KHGSAGLAPQ,HLA-A*24:02,YSAMYEEKVAHTDENIAYLMFHYYTWAVQAYTGY,0
CRGWDDSVH,HLA-B*35:01,YYATYRNIFTNTYESNLYIRYDSYTWAVLAYLWY,0
FFPPNYKLL,HLA-A*23:01,YSAMYEEKVAHTDENIAYLMFHYYTWAVLAYTGY,0
LEISSTFNRF,HLA-B*40:01,YHTKYREISTNTYESNLYLRYNYYSLAVLAYEWY,0
CVLIFYVTVM,HLA-A*31:01,YTAMYQENVAHIDVDTLYIMYQDYTWAVLAYTWY,0
TTDVIKPDY,HLA-A*30:02,YSAMYQENVAHTDENTLYIIYEHYTWARLAYTWY,0
QRRRQPQP,HLA-C*03:13,YYAGYREKYRQTDVSNLYLRYDYYTWAELAYLWY,0
NTVCIKPSY,HLA-A*29:02,YTAMYLQNVAQTDANTLYIMYRDYTWAVLAYTWY,0
KKCGCKGHF,HLA-B*35:01,YYATYRNIFTNTYESNLYIRYDSYTWAVLAYLWY,0
ENLSNLRYL,HLA-A*33:03,YTAMYRNNVAHIDVDTLYIMYQDYTWAVLAYTWY,0
EEGRAPMRCP,HLA-A*02:01,YFAMYGEKVAHTHVDTLYVRYHYYTWAVLAYTWY,0
TALTPKLQAS,HLA-B*08:01,YDSEYRNIFTNTDESNLYLSYNYYTWAVDAYTWY,0
SALHGLCAQ,HLA-A*24:02,YSAMYEEKVAHTDENIAYLMFHYYTWAVQAYTGY,0
STSKLEGYTK,HLA-A*03:01,YFAMYQENVAQTDVDTLYIIYRDYTWAELAYTWY,0
TATAAAAAL,HLA-C*03:03,YYAGYREKYRQTDVSNLYIRYDYYTWAELAYLWY,0
VEYTGHSLEI,HLA-B*44:02,YYTKYREISTNTYENTAYIRYDDYTWAVDAYLSY,0
PPPVIVWTK,HLA-A*24:02,YSAMYEEKVAHTDENIAYLMFHYYTWAVQAYTGY,0
KWNEFKSSY,HLA-A*24:07,YSAMYEEKVAQTDENIAYLMFHYYTWAVQAYTGY,0
ACETSGAPR,HLA-A*02:01,YFAMYGEKVAHTHVDTLYVRYHYYTWAVLAYTWY,0
HQYIVKCHG,HLA-B*57:01,YYAMYGENMASTYENIAYIVYDSYTWAVLAYLWY,0
ILLSASDSNS,HLA-A*30:02,YSAMYQENVAHTDENTLYIIYEHYTWARLAYTWY,0
CSNIQYGYK,HLA-A*33:03,YTAMYRNNVAHIDVDTLYIMYQDYTWAVLAYTWY,0
LEMKYALINL,HLA-B*40:01,YHTKYREISTNTYESNLYLRYNYYSLAVLAYEWY,0
MGFLVLGLV,HLA-A*02:01,YFAMYGEKVAHTHVDTLYVRYHYYTWAVLAYTWY,0
TAHLNCNLF,HLA-B*35:01,YYATYRNIFTNTYESNLYIRYDSYTWAVLAYLWY,1
LFLLPSLATV,HLA-A*02:01,YFAMYGEKVAHTHVDTLYVRYHYYTWAVLAYTWY,1
PGADAYFPEE,HLA-B*07:02,YYSEYRNIYAQTDESNLYLSYDYYTWAERAYEWY,0
CLTGQRFTV,HLA-A*02:01,YFAMYGEKVAHTHVDTLYVRYHYYTWAVLAYTWY,0
NELSKTLSL,HLA-B*49:01,YHTKYREISTNTYENIAYWRYNLYTWAELAYLWY,0
YEALEKYPM,HLA-A*02:01,YFAMYGEKVAHTHVDTLYVRYHYYTWAVLAYTWY,0
AAEDWGEAEPC,HLA-A*02:01,YFAMYGEKVAHTHVDTLYVRYHYYTWAVLAYTWY,0
MTFLRHRLF,HLA-A*02:01,YFAMYGEKVAHTHVDTLYVRYHYYTWAVLAYTWY,0
ATLNPATFL,HLA-B*07:02,YYSEYRNIYAQTDESNLYLSYDYYTWAERAYEWY,0
SKENLLALNT,HLA-A*02:01,YFAMYGEKVAHTHVDTLYVRYHYYTWAVLAYTWY,0
KSSRQEKRP,HLA-A*02:01,YFAMYGEKVAHTHVDTLYVRYHYYTWAVLAYTWY,0
VIHGVISSF,HLA-B*15:01,YYAMYREISTNTYESNLYLRYDSYTWAEWAYLWY,0
KALWEEEKAL,HLA-A*30:02,YSAMYQENVAHTDENTLYIIYEHYTWARLAYTWY,0
THMPSASTEQ,HLA-B*58:01,YYATYGENMASTYENIAYIRYDSYTWAVLAYLWY,0
ILLSASDSNS,HLA-C*08:01,YYAGYREKYRQTDVSNLYLRYNFYTWATLAYTWY,0
GITAGTILV,HLA-A*02:01,YFAMYGEKVAHTHVDTLYVRYHYYTWAVLAYTWY,0
IGMASIKMK,HLA-B*07:02,YYSEYRNIYAQTDESNLYLSYDYYTWAERAYEWY,0
VTDSHTPCHK,HLA-A*02:01,YFAMYGEKVAHTHVDTLYVRYHYYTWAVLAYTWY,0
LDGLWTTI,HLA-B*35:01,YYATYRNIFTNTYESNLYIRYDSYTWAVLAYLWY,0
RFFECTFGAK,HLA-A*03:01,YFAMYQENVAQTDVDTLYIIYRDYTWAELAYTWY,0
VRGADRMSKW,HLA-B*15:01,YYAMYREISTNTYESNLYLRYDSYTWAEWAYLWY,0
CCDIYHASGY,HLA-A*01:01,YFAMYQENMAHTDANTLYIIYRDYTWVARVYRGY,0
DILSEKMES,HLA-B*08:01,YDSEYRNIFTNTDESNLYLSYNYYTWAVDAYTWY,0
KPPEERTIE,HLA-A*11:01,YYAMYQENVAQTDVDTLYIIYRDYTWAAQAYRWY,0
GSFASIFWLK,HLA-A*33:01,YTAMYRNNVAHIDVDTLYIMYQDYTWAVLAYTWH,0
PPDSPETPLV,HLA-A*68:02,YYAMYRNNVAQTDVDTLYIRYHYYTWAVWAYTWY,0
ALKRRLRTL,HLA-B*08:01,YDSEYRNIFTNTDESNLYLSYNYYTWAVDAYTWY,0
YNLDCLGNG,HLA-A*02:01,YFAMYGEKVAHTHVDTLYVRYHYYTWAVLAYTWY,0
SPRDAWIVL,HLA-B*07:02,YYSEYRNIYAQTDESNLYLSYDYYTWAERAYEWY,1
PIQRKGKNG,HLA-B*35:01,YYATYRNIFTNTYESNLYIRYDSYTWAVLAYLWY,0
CVYANGINK,HLA-A*68:01,YYAMYRNNVAQTDVDTLYIMYRDYTWAVWAYTWY,0
TPTPTPTGT,HLA-B*44:03,YYTKYREISTNTYENTAYIRYDDYTWAVLAYLSY,0
FIIEVSNCV,HLA-A*02:01,YFAMYGEKVAHTHVDTLYVRYHYYTWAVLAYTWY,0
RTNLKLTGLK,HLA-A*68:01,YYAMYRNNVAQTDVDTLYIMYRDYTWAVWAYTWY,0
SLNGTIENLK,HLA-C*07:02,YDSGYREKYRQADVSNLYLRSDSYTLAALAYTWY,0
DEEESGEEGE,HLA-B*53:01,YYATYRNIFTNTYENIAYIRYDSYTWAVLAYLWY,0
PSHTTNKLY,HLA-B*35:01,YYATYRNIFTNTYESNLYIRYDSYTWAVLAYLWY,0
SVQDLENPR,HLA-C*07:02,YDSGYREKYRQADVSNLYLRSDSYTLAALAYTWY,0
VDKITKSKY,HLA-A*02:01,YFAMYGEKVAHTHVDTLYVRYHYYTWAVLAYTWY,0
TLSNYYVDSLIGH,HLA-B*07:02,YYSEYRNIYAQTDESNLYLSYDYYTWAERAYEWY,0
NPVGLQNASF,HLA-B*07:02,YYSEYRNIYAQTDESNLYLSYDYYTWAERAYEWY,0
EIKQLTACA,HLA-A*02:01,YFAMYGEKVAHTHVDTLYVRYHYYTWAVLAYTWY,0
LVVLGAYYGK,HLA-A*03:01,YFAMYQENVAQTDVDTLYIIYRDYTWAELAYTWY,0
PHRARIEIK,HLA-A*02:01,YFAMYGEKVAHTHVDTLYVRYHYYTWAVLAYTWY,0
IADVLAALV,HLA-A*02:01,YFAMYGEKVAHTHVDTLYVRYHYYTWAVLAYTWY,0
ANVIDREEQ,HLA-A*24:02,YSAMYEEKVAHTDENIAYLMFHYYTWAVQAYTGY,0
TKEWTMPQS,HLA-A*02:01,YFAMYGEKVAHTHVDTLYVRYHYYTWAVLAYTWY,0
LLPVLRSHG,HLA-A*02:01,YFAMYGEKVAHTHVDTLYVRYHYYTWAVLAYTWY,0
GARGVGKSAL,HLA-B*07:02,YYSEYRNIYAQTDESNLYLSYDYYTWAERAYEWY,1
QDSLQLSEDE,HLA-A*02:01,YFAMYGEKVAHTHVDTLYVRYHYYTWAVLAYTWY,0
FFNIFTRQC,HLA-A*02:01,YFAMYGEKVAHTHVDTLYVRYHYYTWAVLAYTWY,0
DEFDASISQV,HLA-A*02:02,YFAMYGEKVAHTHVDTLYLRYHYYTWAVWAYTWY,0
HCFNDVTAI,HLA-A*32:01,YFAMYQENVAHTDESIAYIMYQDYTWAVLAYTWY,0
SSTVANDVRK,HLA-A*03:01,YFAMYQENVAQTDVDTLYIIYRDYTWAELAYTWY,0
KFNSQVSII,HLA-A*24:07,YSAMYEEKVAQTDENIAYLMFHYYTWAVQAYTGY,0
GMINNRHVY,HLA-A*01:01,YFAMYQENMAHTDANTLYIIYRDYTWVARVYRGY,0
QVLFWLITFV,HLA-A*02:01,YFAMYGEKVAHTHVDTLYVRYHYYTWAVLAYTWY,0
MYEHRPPSL,HLA-A*24:07,YSAMYEEKVAQTDENIAYLMFHYYTWAVQAYTGY,0
RWELGQLQQ,HLA-A*02:01,YFAMYGEKVAHTHVDTLYVRYHYYTWAVLAYTWY,0
YLDYQIQATV,HLA-A*02:01,YFAMYGEKVAHTHVDTLYVRYHYYTWAVLAYTWY,0
ILDDIEFFI,HLA-A*02:01,YFAMYGEKVAHTHVDTLYVRYHYYTWAVLAYTWY,1
PAKYLDEDT,HLA-B*58:01,YYATYGENMASTYENIAYIRYDSYTWAVLAYLWY,0
RLIRGPASCS,HLA-A*33:03,YTAMYRNNVAHIDVDTLYIMYQDYTWAVLAYTWY,0
CCQRPGPDL,HLA-A*11:01,YYAMYQENVAQTDVDTLYIIYRDYTWAAQAYRWY,0
RPDVIKLLF,HLA-B*07:02,YYSEYRNIYAQTDESNLYLSYDYYTWAERAYEWY,0
STRMALGTL,HLA-A*02:01,YFAMYGEKVAHTHVDTLYVRYHYYTWAVLAYTWY,0
NLYFCTKSFR,HLA-A*03:01,YFAMYQENVAQTDVDTLYIIYRDYTWAELAYTWY,0
DYKPPFYDV,HLA-A*01:01,YFAMYQENMAHTDANTLYIIYRDYTWVARVYRGY,0
IICIITTIT,HLA-A*02:01,YFAMYGEKVAHTHVDTLYVRYHYYTWAVLAYTWY,0
SLTKPSPAS,HLA-B*44:02,YYTKYREISTNTYENTAYIRYDDYTWAVDAYLSY,0
LSQSLLLDIT,HLA-A*68:01,YYAMYRNNVAQTDVDTLYIMYRDYTWAVWAYTWY,0
GVDNIENSY,HLA-A*26:01,YYAMYRNNVAHTDANTLYIRYQDYTWAEWAYRWY,0
PFHPLADNKF,HLA-A*24:02,YSAMYEEKVAHTDENIAYLMFHYYTWAVQAYTGY,0
FILLFYLVF,HLA-B*58:01,YYATYGENMASTYENIAYIRYDSYTWAVLAYLWY,0
LSYPYDKTGK,HLA-A*11:01,YYAMYQENVAQTDVDTLYIIYRDYTWAAQAYRWY,0
TLFVEECLR,HLA-A*68:01,YYAMYRNNVAQTDVDTLYIMYRDYTWAVWAYTWY,0
YQLPTRVRGS,HLA-A*11:01,YYAMYQENVAQTDVDTLYIIYRDYTWAAQAYRWY,0
KMSLVMPAMA,HLA-A*01:01,YFAMYQENMAHTDANTLYIIYRDYTWVARVYRGY,0
SLTCSVSTYR,HLA-A*33:01,YTAMYRNNVAHIDVDTLYIMYQDYTWAVLAYTWH,0
PKQDDSPKS,HLA-A*02:01,YFAMYGEKVAHTHVDTLYVRYHYYTWAVLAYTWY,0
PVGSPSPLTG,HLA-B*44:03,YYTKYREISTNTYENTAYIRYDDYTWAVLAYLSY,0
TVNELTPVG,HLA-A*03:01,YFAMYQENVAQTDVDTLYIIYRDYTWAELAYTWY,0
AIEKCGEAA,HLA-A*02:01,YFAMYGEKVAHTHVDTLYVRYHYYTWAVLAYTWY,0
IRPVPSLPD,HLA-A*24:02,YSAMYEEKVAHTDENIAYLMFHYYTWAVQAYTGY,0
FYFANGIEW,HLA-A*24:02,YSAMYEEKVAHTDENIAYLMFHYYTWAVQAYTGY,0
TLIVTIYVFK,HLA-A*03:01,YFAMYQENVAQTDVDTLYIIYRDYTWAELAYTWY,0
HSQRLDVYR,HLA-A*68:01,YYAMYRNNVAQTDVDTLYIMYRDYTWAVWAYTWY,0
CNFCQLSSWM,HLA-A*03:01,YFAMYQENVAQTDVDTLYIIYRDYTWAELAYTWY,0
AAQSVIKAL,HLA-B*07:02,YYSEYRNIYAQTDESNLYLSYDYYTWAERAYEWY,0
CYRTVSGMD,HLA-A*02:01,YFAMYGEKVAHTHVDTLYVRYHYYTWAVLAYTWY,0
LPDIFYNFI,HLA-B*53:01,YYATYRNIFTNTYENIAYIRYDSYTWAVLAYLWY,0
VQVIPWVLA,HLA-A*02:11,YFAMYGEKVAHIDVDTLYVRYHYYTWAVLAYTWY,0
YICIVCKRS,HLA-A*02:01,YFAMYGEKVAHTHVDTLYVRYHYYTWAVLAYTWY,0
SPKAGLLSL,HLA-B*07:02,YYSEYRNIYAQTDESNLYLSYDYYTWAERAYEWY,1
AVDKEEERP,HLA-A*11:01,YYAMYQENVAQTDVDTLYIIYRDYTWAAQAYRWY,0
QTRADLHAVQ,HLA-A*02:01,YFAMYGEKVAHTHVDTLYVRYHYYTWAVLAYTWY,0
VREKLRKYV,HLA-A*11:01,YYAMYQENVAQTDVDTLYIIYRDYTWAAQAYRWY,0
VTDPEHLMM,HLA-A*01:01,YFAMYQENMAHTDANTLYIIYRDYTWVARVYRGY,1
TMKRPSREK,HLA-A*02:01,YFAMYGEKVAHTHVDTLYVRYHYYTWAVLAYTWY,0
TNDQSFNDY,HLA-A*01:01,YFAMYQENMAHTDANTLYIIYRDYTWVARVYRGY,1
KKLLDNSHLP,HLA-B*53:01,YYATYRNIFTNTYENIAYIRYDSYTWAVLAYLWY,0
KSRLNALGK,HLA-A*30:01,YSAMYQENVAQTDVDTLYIIYEHYTWAWLAYTWY,0
IAKYIVPYMK,HLA-A*03:01,YFAMYQENVAQTDVDTLYIIYRDYTWAELAYTWY,0
CINGVMWTL,HLA-A*02:01,YFAMYGEKVAHTHVDTLYVRYHYYTWAVLAYTWY,1
KDHSATTEP,HLA-B*08:01,YDSEYRNIFTNTDESNLYLSYNYYTWAVDAYTWY,0
KNGVTSLTQ,HLA-B*35:03,YYATYRNIFTNTYESNLYIRYDFYTWAVLAYLWY,0
RLFFKCIYRR,HLA-A*11:01,YYAMYQENVAQTDVDTLYIIYRDYTWAAQAYRWY,0
IFNIIVPAI,HLA-A*24:02,YSAMYEEKVAHTDENIAYLMFHYYTWAVQAYTGY,0
VVILYSMYK,HLA-A*11:01,YYAMYQENVAQTDVDTLYIIYRDYTWAAQAYRWY,0
ELEQTRNTLK,HLA-A*02:01,YFAMYGEKVAHTHVDTLYVRYHYYTWAVLAYTWY,0
LKPKSQSSLGQ,HLA-A*02:01,YFAMYGEKVAHTHVDTLYVRYHYYTWAVLAYTWY,0
VSWLWYERE,HLA-A*02:01,YFAMYGEKVAHTHVDTLYVRYHYYTWAVLAYTWY,0
SCKGVVESAA,HLA-A*02:01,YFAMYGEKVAHTHVDTLYVRYHYYTWAVLAYTWY,0
APKELAPTT,HLA-C*06:02,YDSGYREKYRQADVNKLYLWYDSYTWAEWAYTWY,0
QRVKIVINEI,HLA-A*24:02,YSAMYEEKVAHTDENIAYLMFHYYTWAVQAYTGY,0
GQGTLLQVAAH,HLA-A*24:02,YSAMYEEKVAHTDENIAYLMFHYYTWAVQAYTGY,0
LEDGIYGIF,HLA-B*40:01,YHTKYREISTNTYESNLYLRYNYYSLAVLAYEWY,1
TYSELTNAI,HLA-A*24:07,YSAMYEEKVAQTDENIAYLMFHYYTWAVQAYTGY,0
KGERGEPGG,HLA-A*02:01,YFAMYGEKVAHTHVDTLYVRYHYYTWAVLAYTWY,0
SQHIISFTK,HLA-A*33:03,YTAMYRNNVAHIDVDTLYIMYQDYTWAVLAYTWY,0
LVEEELDRA,HLA-A*02:01,YFAMYGEKVAHTHVDTLYVRYHYYTWAVLAYTWY,0
SIQLVDCKW,HLA-A*02:01,YFAMYGEKVAHTHVDTLYVRYHYYTWAVLAYTWY,0
VYNFLSKTI,HLA-A*24:07,YSAMYEEKVAQTDENIAYLMFHYYTWAVQAYTGY,0
PEHPNLGSC,HLA-B*51:01,YYATYRNIFTNTYENIAYWTYNYYTWAELAYLWH,0
VEQLAPDSG,HLA-B*35:01,YYATYRNIFTNTYESNLYIRYDSYTWAVLAYLWY,0
AVIEYDDIK,HLA-A*11:01,YYAMYQENVAQTDVDTLYIIYRDYTWAAQAYRWY,0
LQADILHIP,HLA-A*02:01,YFAMYGEKVAHTHVDTLYVRYHYYTWAVLAYTWY,0
TREMGFLVY,HLA-A*26:01,YYAMYRNNVAHTDANTLYIRYQDYTWAEWAYRWY,0
KLNSGIKTK,HLA-A*33:03,YTAMYRNNVAHIDVDTLYIMYQDYTWAVLAYTWY,0
MLANRLPFS,HLA-A*02:01,YFAMYGEKVAHTHVDTLYVRYHYYTWAVLAYTWY,0
MSKILTFVK,HLA-A*68:01,YYAMYRNNVAQTDVDTLYIMYRDYTWAVWAYTWY,0
IVMPVFIIK,HLA-A*03:01,YFAMYQENVAQTDVDTLYIIYRDYTWAELAYTWY,0
SISQRYNDY,HLA-A*30:02,YSAMYQENVAHTDENTLYIIYEHYTWARLAYTWY,0
KTCRKAFSWK,HLA-A*11:01,YYAMYQENVAQTDVDTLYIIYRDYTWAAQAYRWY,0
LIQEFGLQFQ,HLA-A*11:01,YYAMYQENVAQTDVDTLYIIYRDYTWAAQAYRWY,0
RLEGNRGNSS,HLA-A*02:01,YFAMYGEKVAHTHVDTLYVRYHYYTWAVLAYTWY,0
GSLAVLGGKL,HLA-A*01:01,YFAMYQENMAHTDANTLYIIYRDYTWVARVYRGY,0
RAKSLSAMDV,HLA-B*53:01,YYATYRNIFTNTYENIAYIRYDSYTWAVLAYLWY,0
MVGPLHSSL,HLA-A*02:01,YFAMYGEKVAHTHVDTLYVRYHYYTWAVLAYTWY,0
IMKSGDLKY,HLA-A*01:01,YFAMYQENMAHTDANTLYIIYRDYTWVARVYRGY,0
FLSQIHEAAV,HLA-A*02:01,YFAMYGEKVAHTHVDTLYVRYHYYTWAVLAYTWY,0
CGKAFSQKS,HLA-A*02:01,YFAMYGEKVAHTHVDTLYVRYHYYTWAVLAYTWY,0
EARRSVDGR,HLA-B*07:02,YYSEYRNIYAQTDESNLYLSYDYYTWAERAYEWY,0
TGISAGVTG,HLA-A*24:02,YSAMYEEKVAHTDENIAYLMFHYYTWAVQAYTGY,0
IVDITSGKY,HLA-A*26:01,YYAMYRNNVAHTDANTLYIRYQDYTWAEWAYRWY,0
GSFVGNLAKD,HLA-A*02:01,YFAMYGEKVAHTHVDTLYVRYHYYTWAVLAYTWY,0
DPVFIATCTE,HLA-A*02:01,YFAMYGEKVAHTHVDTLYVRYHYYTWAVLAYTWY,0
DIEIATYRKL,HLA-A*24:02,YSAMYEEKVAHTDENIAYLMFHYYTWAVQAYTGY,0
HGGPLPYHR,HLA-A*24:02,YSAMYEEKVAHTDENIAYLMFHYYTWAVQAYTGY,0
TKYHTVPLPPK,HLA-A*03:01,YFAMYQENVAQTDVDTLYIIYRDYTWAELAYTWY,0
PGSDILGYI,HLA-A*02:01,YFAMYGEKVAHTHVDTLYVRYHYYTWAVLAYTWY,0
KTQLRTHYDV,HLA-A*11:01,YYAMYQENVAQTDVDTLYIIYRDYTWAAQAYRWY,0
YLCTASNFL,HLA-A*02:01,YFAMYGEKVAHTHVDTLYVRYHYYTWAVLAYTWY,0
EGGGAEVHA,HLA-A*02:01,YFAMYGEKVAHTHVDTLYVRYHYYTWAVLAYTWY,0
AERARYKKML,HLA-B*40:01,YHTKYREISTNTYESNLYLRYNYYSLAVLAYEWY,0
VLTDILHTL,HLA-B*44:02,YYTKYREISTNTYENTAYIRYDDYTWAVDAYLSY,0
VFILIYVFF,HLA-A*24:07,YSAMYEEKVAQTDENIAYLMFHYYTWAVQAYTGY,0
FLCLLMKLSI,HLA-A*02:01,YFAMYGEKVAHTHVDTLYVRYHYYTWAVLAYTWY,0
CYNILRYHL,HLA-A*23:01,YSAMYEEKVAHTDENIAYLMFHYYTWAVLAYTGY,0
HQEVEVQSE,HLA-A*02:01,YFAMYGEKVAHTHVDTLYVRYHYYTWAVLAYTWY,0
LKPKSQSSLGQ,HLA-A*24:02,YSAMYEEKVAHTDENIAYLMFHYYTWAVQAYTGY,0
HLRIYTGEKPY,HLA-B*15:01,YYAMYREISTNTYESNLYLRYDSYTWAEWAYLWY,0
TYNRLTLLNL,HLA-A*24:02,YSAMYEEKVAHTDENIAYLMFHYYTWAVQAYTGY,0
SLSVDKLGFK,HLA-A*68:01,YYAMYRNNVAQTDVDTLYIMYRDYTWAVWAYTWY,0
DDDDSNESKS,HLA-B*15:01,YYAMYREISTNTYESNLYLRYDSYTWAEWAYLWY,0
SPRRARSVA,HLA-B*35:01,YYATYRNIFTNTYESNLYIRYDSYTWAVLAYLWY,1
SEQLSQQDHY,HLA-A*02:07,YFAMYGEKVAHTHVDTLYVRCHYYTWAVLAYTWY,0
LVNQYSHMK,HLA-A*33:01,YTAMYRNNVAHIDVDTLYIMYQDYTWAVLAYTWH,0
TRSIDTQTP,HLA-A*02:01,YFAMYGEKVAHTHVDTLYVRYHYYTWAVLAYTWY,0
KTLDFKSKK,HLA-A*03:01,YFAMYQENVAQTDVDTLYIIYRDYTWAELAYTWY,0
SVNEYHMLK,HLA-A*33:01,YTAMYRNNVAHIDVDTLYIMYQDYTWAVLAYTWH,0
VEDTFSSLKL,HLA-B*37:01,YHSTYREISTNTYEDTLYIRSNFYTWAVDAYTWY,0
ARQKKAEELK,HLA-B*15:01,YYAMYREISTNTYESNLYLRYDSYTWAEWAYLWY,0
LPELGVRFE,HLA-B*57:01,YYAMYGENMASTYENIAYIVYDSYTWAVLAYLWY,0
IGGANLGRVG,HLA-A*11:01,YYAMYQENVAQTDVDTLYIIYRDYTWAAQAYRWY,0
GGGDGPHIS,HLA-A*02:01,YFAMYGEKVAHTHVDTLYVRYHYYTWAVLAYTWY,0
HILTTLQK,HLA-A*11:01,YYAMYQENVAQTDVDTLYIIYRDYTWAAQAYRWY,0
SLTKPSPAS,HLA-B*57:01,YYAMYGENMASTYENIAYIVYDSYTWAVLAYLWY,0
KKLLDNSHL,HLA-B*14:02,YYSEYRNICTNTDESNLYLWYNFYTWAELAYTWH,0
LSSGFKRSY,HLA-A*26:01,YYAMYRNNVAHTDANTLYIRYQDYTWAEWAYRWY,0
DPVFIATCTE,HLA-A*01:01,YFAMYQENMAHTDANTLYIIYRDYTWVARVYRGY,0
EPKQRPAAG,HLA-A*11:01,YYAMYQENVAQTDVDTLYIIYRDYTWAAQAYRWY,0
FAKAFSSGY,HLA-A*01:01,YFAMYQENMAHTDANTLYIIYRDYTWVARVYRGY,0
VQSHCVIDE,HLA-A*02:01,YFAMYGEKVAHTHVDTLYVRYHYYTWAVLAYTWY,0
TSIGRRMILY,HLA-A*26:01,YYAMYRNNVAHTDANTLYIRYQDYTWAEWAYRWY,0
SPRPEMQEF,HLA-B*51:01,YYATYRNIFTNTYENIAYWTYNYYTWAELAYLWH,0
KFNSQVSII,HLA-A*23:01,YSAMYEEKVAHTDENIAYLMFHYYTWAVLAYTGY,0
CDQETDCFD,HLA-A*11:01,YYAMYQENVAQTDVDTLYIIYRDYTWAAQAYRWY,0
KYIMLSNGY,HLA-A*24:02,YSAMYEEKVAHTDENIAYLMFHYYTWAVQAYTGY,0
RSHSPSGSE,HLA-A*24:02,YSAMYEEKVAHTDENIAYLMFHYYTWAVQAYTGY,0
YREHTTLYY,HLA-A*30:02,YSAMYQENVAHTDENTLYIIYEHYTWARLAYTWY,0
SLTKPSPASGF,HLA-B*18:01,YHSTYRNISTNTYESNLYLRYDSYTWAVLAYTWH,0
HPAIKKLVY,HLA-A*30:02,YSAMYQENVAHTDENTLYIIYEHYTWARLAYTWY,0
NAPPAYEKL,HLA-A*02:01,YFAMYGEKVAHTHVDTLYVRYHYYTWAVLAYTWY,0
LLPLSTSLD,HLA-B*35:01,YYATYRNIFTNTYESNLYIRYDSYTWAVLAYLWY,0
DIDLLLQRGP,HLA-A*01:01,YFAMYQENMAHTDANTLYIIYRDYTWVARVYRGY,0
ERPGRRSKK,HLA-A*02:01,YFAMYGEKVAHTHVDTLYVRYHYYTWAVLAYTWY,0
ADVCLDTPL,HLA-B*15:01,YYAMYREISTNTYESNLYLRYDSYTWAEWAYLWY,0
TTISLKGCL,HLA-B*15:03,YYSEYREISTNTYESNLYLRYDSYTWAELAYLWY,0
LTFLSGGDLY,HLA-A*01:01,YFAMYQENMAHTDANTLYIIYRDYTWVARVYRGY,0
HTDLDVKSLLL,HLA-B*35:01,YYATYRNIFTNTYESNLYIRYDSYTWAVLAYLWY,0
GEGIFVSFI,HLA-A*02:01,YFAMYGEKVAHTHVDTLYVRYHYYTWAVLAYTWY,0
NSTCRFFVCK,HLA-A*11:01,YYAMYQENVAQTDVDTLYIIYRDYTWAAQAYRWY,1
RLIRGPASC,HLA-A*02:02,YFAMYGEKVAHTHVDTLYLRYHYYTWAVWAYTWY,0
LYNDFKNSL,HLA-A*24:02,YSAMYEEKVAHTDENIAYLMFHYYTWAVQAYTGY,0
ILLSASDSNST,HLA-B*40:06,YHTKYREISTNTYESNLYWTYNYYTWAVLAYEWY,0
ELGDYTGYI,HLA-A*02:01,YFAMYGEKVAHTHVDTLYVRYHYYTWAVLAYTWY,0
GDDHRFIRY,HLA-A*01:01,YFAMYQENMAHTDANTLYIIYRDYTWVARVYRGY,0
RCQRCISEL,HLA-B*44:02,YYTKYREISTNTYENTAYIRYDDYTWAVDAYLSY,0
KQYIVATLMK,HLA-A*11:01,YYAMYQENVAQTDVDTLYIIYRDYTWAAQAYRWY,0
SSFPVPTIK,HLA-A*11:01,YYAMYQENVAQTDVDTLYIIYRDYTWAAQAYRWY,0
LSARDSVVLN,HLA-A*02:01,YFAMYGEKVAHTHVDTLYVRYHYYTWAVLAYTWY,0
PVGMKAEGF,HLA-A*01:01,YFAMYQENMAHTDANTLYIIYRDYTWVARVYRGY,0
CISNAYITR,HLA-A*11:01,YYAMYQENVAQTDVDTLYIIYRDYTWAAQAYRWY,0
MWFLLTLLF,HLA-A*02:01,YFAMYGEKVAHTHVDTLYVRYHYYTWAVLAYTWY,0
RPDTRHLRVL,HLA-B*55:01,YYAEYRNIYAQTDESNLYWTYNLYTWAELAYTWY,0
QSARREAKK,HLA-A*11:01,YYAMYQENVAQTDVDTLYIIYRDYTWAAQAYRWY,0
HYETNVGEM,HLA-A*24:07,YSAMYEEKVAQTDENIAYLMFHYYTWAVQAYTGY,0
LLTVAWPLARR,HLA-A*03:01,YFAMYQENVAQTDVDTLYIIYRDYTWAELAYTWY,0
VQVIPWVLA,HLA-A*02:17,YFAMYGEKVAHTHVDTLYLMFHYYTWAVLAYTWY,0
PEAQNDFPVA,HLA-A*02:01,YFAMYGEKVAHTHVDTLYVRYHYYTWAVLAYTWY,0
VGFFVKRGCSR,HLA-A*01:01,YFAMYQENMAHTDANTLYIIYRDYTWVARVYRGY,0
QFCQYLIKHK,HLA-A*11:01,YYAMYQENVAQTDVDTLYIIYRDYTWAAQAYRWY,0
FKVPRPGPDT,HLA-B*08:01,YDSEYRNIFTNTDESNLYLSYNYYTWAVDAYTWY,0
TLNISSKFK,HLA-A*68:01,YYAMYRNNVAQTDVDTLYIMYRDYTWAVWAYTWY,0
SRTSVTDVK,HLA-B*58:01,YYATYGENMASTYENIAYIRYDSYTWAVLAYLWY,0
PGQMAKEHKKT,HLA-A*02:01,YFAMYGEKVAHTHVDTLYVRYHYYTWAVLAYTWY,0
SCFHPRRER,HLA-A*31:01,YTAMYQENVAHIDVDTLYIMYQDYTWAVLAYTWY,0
RKKSEKVLC,HLA-A*02:01,YFAMYGEKVAHTHVDTLYVRYHYYTWAVLAYTWY,0
IGASSRPPPN,HLA-A*24:02,YSAMYEEKVAHTDENIAYLMFHYYTWAVQAYTGY,0
TYSCNSGYSL,HLA-A*24:07,YSAMYEEKVAQTDENIAYLMFHYYTWAVQAYTGY,0
LPHHEPISFG,HLA-A*02:01,YFAMYGEKVAHTHVDTLYVRYHYYTWAVLAYTWY,0
RASGSLCGPHA,HLA-A*11:01,YYAMYQENVAQTDVDTLYIIYRDYTWAAQAYRWY,0
PSAPSTSAG,HLA-A*02:01,YFAMYGEKVAHTHVDTLYVRYHYYTWAVLAYTWY,0
NVVAAKKAQ,HLA-A*02:01,YFAMYGEKVAHTHVDTLYVRYHYYTWAVLAYTWY,0
PTTPRATPILQ,HLA-A*02:01,YFAMYGEKVAHTHVDTLYVRYHYYTWAVLAYTWY,0
RASGSLCGP,HLA-A*11:01,YYAMYQENVAQTDVDTLYIIYRDYTWAAQAYRWY,0
PIESKHRSL,HLA-A*02:01,YFAMYGEKVAHTHVDTLYVRYHYYTWAVLAYTWY,0
FWYTHNLIFV,HLA-C*14:03,YSAGYREKYRQTDVSNLYLWFDSYTWAERAYTWY,0
LRQWLDQTM,HLA-A*02:01,YFAMYGEKVAHTHVDTLYVRYHYYTWAVLAYTWY,0
RRTPRPEATL,HLA-C*07:01,YDSGYRENYRQADVSNLYLRYDSYTLAALAYTWY,0
LRPNIPNWW,HLA-A*02:01,YFAMYGEKVAHTHVDTLYVRYHYYTWAVLAYTWY,0
HEFHVRRLL,HLA-B*49:01,YHTKYREISTNTYENIAYWRYNLYTWAELAYLWY,0
DELVDPINY,HLA-B*37:01,YHSTYREISTNTYEDTLYIRSNFYTWAVDAYTWY,1
RSYVPLAHR,HLA-A*03:01,YFAMYQENVAQTDVDTLYIIYRDYTWAELAYTWY,1
SVTVFAFLGLLAL,HLA-A*02:01,YFAMYGEKVAHTHVDTLYVRYHYYTWAVLAYTWY,0
QRRRQPQPQ,HLA-A*31:01,YTAMYQENVAHIDVDTLYIMYQDYTWAVLAYTWY,0
KYCVNLYII,HLA-A*24:07,YSAMYEEKVAQTDENIAYLMFHYYTWAVQAYTGY,0
LPLDLACRV,HLA-A*02:01,YFAMYGEKVAHTHVDTLYVRYHYYTWAVLAYTWY,0
NQEVPKELL,HLA-A*02:01,YFAMYGEKVAHTHVDTLYVRYHYYTWAVLAYTWY,0
LYGASGPFQ,HLA-A*02:01,YFAMYGEKVAHTHVDTLYVRYHYYTWAVLAYTWY,0
WLFGMDLNKI,HLA-A*02:01,YFAMYGEKVAHTHVDTLYVRYHYYTWAVLAYTWY,0
SLLIDTYVK,HLA-A*33:03,YTAMYRNNVAHIDVDTLYIMYQDYTWAVLAYTWY,0
FLVQAGNVQL,HLA-A*02:01,YFAMYGEKVAHTHVDTLYVRYHYYTWAVLAYTWY,0
DGTTFSSSV,HLA-A*02:01,YFAMYGEKVAHTHVDTLYVRYHYYTWAVLAYTWY,0
TATAAAAAL,HLA-B*57:01,YYAMYGENMASTYENIAYIVYDSYTWAVLAYLWY,0
ILDVCSSGL,HLA-A*02:01,YFAMYGEKVAHTHVDTLYVRYHYYTWAVLAYTWY,0
AHTFDFETI,HLA-A*68:02,YYAMYRNNVAQTDVDTLYIRYHYYTWAVWAYTWY,0
IYKMFQNAKI,HLA-A*23:01,YSAMYEEKVAHTDENIAYLMFHYYTWAVLAYTGY,0
AATLKAFFK,HLA-A*03:01,YFAMYQENVAQTDVDTLYIIYRDYTWAELAYTWY,1
VVLGAYYGK,HLA-A*33:01,YTAMYRNNVAHIDVDTLYIMYQDYTWAVLAYTWH,0
RLVKKIWVP,HLA-A*02:01,YFAMYGEKVAHTHVDTLYVRYHYYTWAVLAYTWY,0
DEEESGEEGE,HLA-C*07:02,YDSGYREKYRQADVSNLYLRSDSYTLAALAYTWY,0
VKKTWAEIR,HLA-B*07:02,YYSEYRNIYAQTDESNLYLSYDYYTWAERAYEWY,0
PPTRGNSKP,HLA-A*24:02,YSAMYEEKVAHTDENIAYLMFHYYTWAVQAYTGY,0
PVIFLSIFFY,HLA-A*33:03,YTAMYRNNVAHIDVDTLYIMYQDYTWAVLAYTWY,0
TQFNFNGHTY,HLA-A*68:01,YYAMYRNNVAQTDVDTLYIMYRDYTWAVWAYTWY,0
YTENCVLLL,HLA-A*01:01,YFAMYQENMAHTDANTLYIIYRDYTWVARVYRGY,0
RLIRGPASCS,HLA-C*05:01,YYAGYREKYRQTDVNKLYLRYNFYTWAERAYTWY,0
ASDVWAFGV,HLA-B*40:01,YHTKYREISTNTYESNLYLRYNYYSLAVLAYEWY,0
NMVEGTAYL,HLA-A*24:02,YSAMYEEKVAHTDENIAYLMFHYYTWAVQAYTGY,1
MIDNVILLIT,HLA-A*01:01,YFAMYQENMAHTDANTLYIIYRDYTWVARVYRGY,0
VQVIPWVLA,HLA-B*57:01,YYAMYGENMASTYENIAYIVYDSYTWAVLAYLWY,0
IFFPDFVITL,HLA-A*24:02,YSAMYEEKVAHTDENIAYLMFHYYTWAVQAYTGY,0
PLVTWRKVP,HLA-A*02:01,YFAMYGEKVAHTHVDTLYVRYHYYTWAVLAYTWY,0
RSKCLTETP,HLA-B*35:01,YYATYRNIFTNTYESNLYIRYDSYTWAVLAYLWY,0
SRDLIKDKI,HLA-A*02:03,YFAMYGEKVAHTHVDTLYVRYHYYTWAEWAYTWY,0
SSGSKLKRPT,HLA-A*01:01,YFAMYQENMAHTDANTLYIIYRDYTWVARVYRGY,0
LLPAARFDA,HLA-A*01:01,YFAMYQENMAHTDANTLYIIYRDYTWVARVYRGY,0
AIYDHVNEGV,HLA-A*02:01,YFAMYGEKVAHTHVDTLYVRYHYYTWAVLAYTWY,1
LEQYRIDAS,HLA-B*07:02,YYSEYRNIYAQTDESNLYLSYDYYTWAERAYEWY,0
VFEACLDQL,HLA-B*27:05,YHTEYREICAKTDEDTLYLNYHDYTWAVLAYEWY,0
MEHSNCSSEP,HLA-A*02:01,YFAMYGEKVAHTHVDTLYVRYHYYTWAVLAYTWY,0
SEQLSQQDH,HLA-B*15:03,YYSEYREISTNTYESNLYLRYDSYTWAELAYLWY,0
FASAHTPFY,HLA-A*03:01,YFAMYQENVAQTDVDTLYIIYRDYTWAELAYTWY,0
SCMGGMNWR,HLA-A*68:01,YYAMYRNNVAQTDVDTLYIMYRDYTWAVWAYTWY,1
KYNVRYVFL,HLA-A*24:02,YSAMYEEKVAHTDENIAYLMFHYYTWAVQAYTGY,0
SVREVFYFGK,HLA-A*33:03,YTAMYRNNVAHIDVDTLYIMYQDYTWAVLAYTWY,0
LLEPHQVGL,HLA-A*02:01,YFAMYGEKVAHTHVDTLYVRYHYYTWAVLAYTWY,0
KVALEKSLA,HLA-A*02:01,YFAMYGEKVAHTHVDTLYVRYHYYTWAVLAYTWY,0
SSDFPLILY,HLA-A*26:01,YYAMYRNNVAHTDANTLYIRYQDYTWAEWAYRWY,0
KAVCIHCMK,HLA-A*11:01,YYAMYQENVAQTDVDTLYIIYRDYTWAAQAYRWY,0
ELDFVVKNY,HLA-A*01:01,YFAMYQENMAHTDANTLYIIYRDYTWVARVYRGY,0
YTFTTRWYNK,HLA-A*68:01,YYAMYRNNVAQTDVDTLYIMYRDYTWAVWAYTWY,0
MVIAGAKSK,HLA-A*11:01,YYAMYQENVAQTDVDTLYIIYRDYTWAAQAYRWY,0
CNQVFAFSG,HLA-A*02:01,YFAMYGEKVAHTHVDTLYVRYHYYTWAVLAYTWY,0
RRNMVVDDDS,HLA-A*02:01,YFAMYGEKVAHTHVDTLYVRYHYYTWAVLAYTWY,0
SMLFARHLR,HLA-A*11:01,YYAMYQENVAQTDVDTLYIIYRDYTWAAQAYRWY,0
RLKYETERG,HLA-B*40:01,YHTKYREISTNTYESNLYLRYNYYSLAVLAYEWY,0
EIWRDIDFA,HLA-A*02:01,YFAMYGEKVAHTHVDTLYVRYHYYTWAVLAYTWY,0
IVQKAPIYK,HLA-A*33:01,YTAMYRNNVAHIDVDTLYIMYQDYTWAVLAYTWH,0
GVADGPAAT,HLA-B*27:04,YHTEYREICAKTDESTLYLNYHDYTWAELAYEWY,0
KKLLDNSHL,HLA-A*02:17,YFAMYGEKVAHTHVDTLYLMFHYYTWAVLAYTWY,0
DFYDGGDNN,HLA-C*04:01,YSAGYREKYRQADVNKLYLRFNFYTWAERAYTWY,0
SGASTSNAC,HLA-A*24:02,YSAMYEEKVAHTDENIAYLMFHYYTWAVQAYTGY,0
PGQIRWPLA,HLA-A*24:02,YSAMYEEKVAHTDENIAYLMFHYYTWAVQAYTGY,0
QEVERALYL,HLA-B*37:01,YHSTYREISTNTYEDTLYIRSNFYTWAVDAYTWY,0
LAILRVIRLV,HLA-A*02:01,YFAMYGEKVAHTHVDTLYVRYHYYTWAVLAYTWY,0
CVLIFYVTVMG,HLA-B*40:01,YHTKYREISTNTYESNLYLRYNYYSLAVLAYEWY,0
LLNNIPVSISK,HLA-A*02:01,YFAMYGEKVAHTHVDTLYVRYHYYTWAVLAYTWY,0
PVTSGSERP,HLA-B*58:01,YYATYGENMASTYENIAYIRYDSYTWAVLAYLWY,0
MWSVVYDHF,HLA-A*24:02,YSAMYEEKVAHTDENIAYLMFHYYTWAVQAYTGY,0
RVLIASALTL,HLA-A*03:01,YFAMYQENVAQTDVDTLYIIYRDYTWAELAYTWY,0
SVTVFAFLGL,HLA-A*02:07,YFAMYGEKVAHTHVDTLYVRCHYYTWAVLAYTWY,0
DIFVLIASV,HLA-A*03:01,YFAMYQENVAQTDVDTLYIIYRDYTWAELAYTWY,0
HPDTGISSK,HLA-A*02:01,YFAMYGEKVAHTHVDTLYVRYHYYTWAVLAYTWY,0
QVGDNNYLT,HLA-B*27:05,YHTEYREICAKTDEDTLYLNYHDYTWAVLAYEWY,0
GSLAVLGGKL,HLA-B*08:01,YDSEYRNIFTNTDESNLYLSYNYYTWAVDAYTWY,0
PRYRGAALA,HLA-B*07:02,YYSEYRNIYAQTDESNLYLSYDYYTWAERAYEWY,0
IERLVEEFF,HLA-B*40:01,YHTKYREISTNTYESNLYLRYNYYSLAVLAYEWY,0
GFAPISGMC,HLA-B*07:02,YYSEYRNIYAQTDESNLYLSYDYYTWAERAYEWY,0
RNSLCVWYNI,HLA-A*03:01,YFAMYQENVAQTDVDTLYIIYRDYTWAELAYTWY,0
VYKYPFELI,HLA-A*02:01,YFAMYGEKVAHTHVDTLYVRYHYYTWAVLAYTWY,0
EEDLARNLGL,HLA-B*49:01,YHTKYREISTNTYENIAYWRYNLYTWAELAYLWY,0
RGENAYSTV,HLA-A*02:01,YFAMYGEKVAHTHVDTLYVRYHYYTWAVLAYTWY,0
QSSRLKYRQL,HLA-A*01:01,YFAMYQENMAHTDANTLYIIYRDYTWVARVYRGY,0
AIKILIGFR,HLA-A*31:01,YTAMYQENVAHIDVDTLYIMYQDYTWAVLAYTWY,0
DTLEMRVRD,HLA-A*02:01,YFAMYGEKVAHTHVDTLYVRYHYYTWAVLAYTWY,0
HADQLTPTW,HLA-B*07:02,YYSEYRNIYAQTDESNLYLSYDYYTWAERAYEWY,1
KQKWLLLTGIS,HLA-A*02:01,YFAMYGEKVAHTHVDTLYVRYHYYTWAVLAYTWY,0
QINITAVAHV,HLA-A*02:06,YYAMYGEKVAHTHVDTLYVRYHYYTWAVLAYTWY,0
LCQTGNIEK,HLA-A*02:01,YFAMYGEKVAHTHVDTLYVRYHYYTWAVLAYTWY,0
FHLAELCIEV,HLA-A*02:01,YFAMYGEKVAHTHVDTLYVRYHYYTWAVLAYTWY,0
QPSHQLRASG,HLA-B*40:01,YHTKYREISTNTYESNLYLRYNYYSLAVLAYEWY,0
KEPAVVAAEA,HLA-A*02:01,YFAMYGEKVAHTHVDTLYVRYHYYTWAVLAYTWY,0
LLMDSFIKK,HLA-A*02:07,YFAMYGEKVAHTHVDTLYVRCHYYTWAVLAYTWY,0
HTITKAFGY,HLA-A*30:02,YSAMYQENVAHTDENTLYIIYEHYTWARLAYTWY,0
RLKYETERG,HLA-A*68:01,YYAMYRNNVAQTDVDTLYIMYRDYTWAVWAYTWY,0
LPLSMTSTRK,HLA-A*01:01,YFAMYQENMAHTDANTLYIIYRDYTWVARVYRGY,0
SLSGTFGTE,HLA-C*07:01,YDSGYRENYRQADVSNLYLRYDSYTLAALAYTWY,0
SIILEFFLMV,HLA-A*02:01,YFAMYGEKVAHTHVDTLYVRYHYYTWAVLAYTWY,1
ILLLFENHV,HLA-A*02:01,YFAMYGEKVAHTHVDTLYVRYHYYTWAVLAYTWY,0
TYFSLNNKF,HLA-A*24:02,YSAMYEEKVAHTDENIAYLMFHYYTWAVQAYTGY,1
YQSGGRIRR,HLA-A*02:01,YFAMYGEKVAHTHVDTLYVRYHYYTWAVLAYTWY,0
KESHQIKLL,HLA-B*37:01,YHSTYREISTNTYEDTLYIRSNFYTWAVDAYTWY,0
AENQEEKPE,HLA-A*02:01,YFAMYGEKVAHTHVDTLYVRYHYYTWAVLAYTWY,0
SYINRTGTFEF,HLA-A*24:02,YSAMYEEKVAHTDENIAYLMFHYYTWAVQAYTGY,0
QQKISKQQLQT,HLA-A*11:01,YYAMYQENVAQTDVDTLYIIYRDYTWAAQAYRWY,0
YSKHTPIILV,HLA-A*02:01,YFAMYGEKVAHTHVDTLYVRYHYYTWAVLAYTWY,0
MSSAIERKS,HLA-A*02:01,YFAMYGEKVAHTHVDTLYVRYHYYTWAVLAYTWY,0
RTALPNMNREN,HLA-A*68:01,YYAMYRNNVAQTDVDTLYIMYRDYTWAVWAYTWY,0
EDYSRDEDHI,HLA-B*15:01,YYAMYREISTNTYESNLYLRYDSYTWAEWAYLWY,0
ENRTDISLD,HLA-A*02:01,YFAMYGEKVAHTHVDTLYVRYHYYTWAVLAYTWY,0
HKLFDWANT,HLA-A*02:01,YFAMYGEKVAHTHVDTLYVRYHYYTWAVLAYTWY,0
HLMFYTLPI,HLA-A*02:01,YFAMYGEKVAHTHVDTLYVRYHYYTWAVLAYTWY,0
ERMRRLMAE,HLA-A*02:01,YFAMYGEKVAHTHVDTLYVRYHYYTWAVLAYTWY,0
MQTVKLFVKK,HLA-A*11:01,YYAMYQENVAQTDVDTLYIIYRDYTWAAQAYRWY,0
SEDKSIKVW,HLA-A*02:01,YFAMYGEKVAHTHVDTLYVRYHYYTWAVLAYTWY,0
LSEAAARKI,HLA-A*02:01,YFAMYGEKVAHTHVDTLYVRYHYYTWAVLAYTWY,0
EPKQRPAAGA,HLA-B*57:01,YYAMYGENMASTYENIAYIVYDSYTWAVLAYLWY,0
NFFKTSAQVVL,HLA-A*24:02,YSAMYEEKVAHTDENIAYLMFHYYTWAVQAYTGY,0
GSTPTTHFP,HLA-A*02:01,YFAMYGEKVAHTHVDTLYVRYHYYTWAVLAYTWY,0
RENAHDKIRPI,HLA-B*07:02,YYSEYRNIYAQTDESNLYLSYDYYTWAERAYEWY,0
TYGWNLVKL,HLA-A*24:02,YSAMYEEKVAHTDENIAYLMFHYYTWAVQAYTGY,1
TILNFLRHGK,HLA-A*11:01,YYAMYQENVAQTDVDTLYIIYRDYTWAAQAYRWY,0
SLLSPQVIK,HLA-A*33:01,YTAMYRNNVAHIDVDTLYIMYQDYTWAVLAYTWH,0
TTLRVVGTRK,HLA-A*33:01,YTAMYRNNVAHIDVDTLYIMYQDYTWAVLAYTWH,0
PGDTTTIIP,HLA-B*07:02,YYSEYRNIYAQTDESNLYLSYDYYTWAERAYEWY,0
MGERTLHAA,HLA-C*07:01,YDSGYRENYRQADVSNLYLRYDSYTLAALAYTWY,0
PPGAVEVIRE,HLA-A*11:01,YYAMYQENVAQTDVDTLYIIYRDYTWAAQAYRWY,0
AEKPRGARCS,HLA-A*02:01,YFAMYGEKVAHTHVDTLYVRYHYYTWAVLAYTWY,0
LGPFSFGFL,HLA-A*24:02,YSAMYEEKVAHTDENIAYLMFHYYTWAVQAYTGY,0
TTISLKGC,HLA-A*24:02,YSAMYEEKVAHTDENIAYLMFHYYTWAVQAYTGY,0
FLGPWPAAV,HLA-A*02:01,YFAMYGEKVAHTHVDTLYVRYHYYTWAVLAYTWY,1
LELLSLSFN,HLA-B*07:02,YYSEYRNIYAQTDESNLYLSYDYYTWAERAYEWY,0
